Timestamp,Location,Rainfall_mm,RiverLevel_m,ReservoirLevel_percent,SoilMoisture_percent,Temperature_C,Humidity_percent,Pressure_hPa,FloodLabel
2022-01-01 00:00:00,RiverBasin_C,139.63,5.67,86.2,34.35,29.98,66.31,994.08,0
2022-01-01 01:00:00,RiverBasin_D,107.22,5.31,81.16,78.22,27.84,33.58,985.6,0
2022-01-01 02:00:00,RiverBasin_A,61.91,1.23,65.88,94.77,22.2,46.3,1013.21,0
2022-01-01 03:00:00,RiverBasin_C,162.76,4.07,96.48,12.55,15.16,64.44,980.7,0
2022-01-01 04:00:00,RiverBasin_C,136.95,4.42,36.04,86.28,27.41,51.72,985.93,0
2022-01-01 05:00:00,RiverBasin_D,32.52,4.59,28.74,62.92,22.14,42.72,1036.53,0
2022-01-01 06:00:00,RiverBasin_A,182.19,6.22,88.32,92.74,33.37,65.29,1034.0,0
2022-01-01 07:00:00,RiverBasin_A,164.51,5.8,55.13,49.53,15.6,52.6,1044.06,0
2022-01-01 08:00:00,RiverBasin_C,189.96,6.47,87.76,82.03,29.62,48.07,1039.82,0
2022-01-01 09:00:00,RiverBasin_B,145.14,7.88,91.45,15.3,38.54,62.48,1027.82,0
2022-01-01 10:00:00,RiverBasin_C,122.68,8.32,25.0,38.5,19.36,39.33,983.66,0
2022-01-01 11:00:00,RiverBasin_C,83.65,7.46,90.68,15.7,26.79,94.94,1034.8,0
2022-01-01 12:00:00,RiverBasin_C,186.55,9.6,55.87,92.9,17.29,90.74,1039.19,1
2022-01-01 13:00:00,RiverBasin_C,173.21,1.16,60.83,79.44,30.64,79.53,1035.94,0
2022-01-01 14:00:00,RiverBasin_D,9.04,2.76,70.13,82.47,28.76,37.43,1015.59,0
2022-01-01 15:00:00,RiverBasin_A,5.27,1.07,94.11,89.73,25.18,84.31,996.3,0
2022-01-01 16:00:00,RiverBasin_D,75.29,6.83,21.53,17.23,28.03,86.56,1039.17,0
2022-01-01 17:00:00,RiverBasin_D,162.11,9.08,58.15,42.78,37.41,83.74,1030.9,0
2022-01-01 18:00:00,RiverBasin_D,197.46,3.19,75.02,16.04,19.91,37.98,1048.65,0
2022-01-01 19:00:00,RiverBasin_C,30.08,9.34,77.82,27.92,15.56,75.07,990.9,0
2022-01-01 20:00:00,RiverBasin_B,118.83,1.54,75.4,29.5,36.54,88.4,995.8,0
2022-01-01 21:00:00,RiverBasin_A,76.18,9.41,30.75,49.87,29.43,70.41,994.83,0
2022-01-01 22:00:00,RiverBasin_B,193.98,4.16,43.95,32.83,37.27,75.25,1035.48,0
2022-01-01 23:00:00,RiverBasin_D,168.42,1.91,48.7,18.58,29.92,62.09,993.08,0
2022-01-02 00:00:00,RiverBasin_D,167.67,5.37,84.35,24.24,35.25,67.01,984.67,0
2022-01-02 01:00:00,RiverBasin_B,93.74,3.31,42.3,22.52,25.74,32.41,1049.9,0
2022-01-02 02:00:00,RiverBasin_B,82.96,3.56,36.86,92.71,33.75,74.73,981.74,0
2022-01-02 03:00:00,RiverBasin_B,54.68,3.77,96.6,74.54,37.83,35.7,1038.47,0
2022-01-02 04:00:00,RiverBasin_D,11.28,8.23,20.71,92.26,29.3,60.45,1005.58,0
2022-01-02 05:00:00,RiverBasin_D,172.94,5.85,99.83,47.38,19.52,50.49,1038.91,0
2022-01-02 06:00:00,RiverBasin_A,162.58,3.8,74.15,33.66,21.72,68.18,1018.82,0
2022-01-02 07:00:00,RiverBasin_A,199.94,6.49,86.28,77.85,19.97,39.34,1043.11,0
2022-01-02 08:00:00,RiverBasin_D,199.33,7.45,43.57,37.73,21.17,78.42,1044.83,0
2022-01-02 09:00:00,RiverBasin_B,111.09,3.45,21.15,35.45,22.66,85.65,980.64,0
2022-01-02 10:00:00,RiverBasin_B,153.8,4.72,79.03,29.76,28.88,41.43,985.28,0
2022-01-02 11:00:00,RiverBasin_A,188.95,2.1,86.73,21.02,29.7,37.3,997.53,0
2022-01-02 12:00:00,RiverBasin_D,169.93,2.63,79.24,31.8,25.66,40.19,1026.85,0
2022-01-02 13:00:00,RiverBasin_A,49.47,7.13,31.43,40.2,30.39,91.4,1042.18,0
2022-01-02 14:00:00,RiverBasin_A,90.11,2.63,80.27,67.29,17.04,66.97,1012.2,0
2022-01-02 15:00:00,RiverBasin_C,25.83,5.73,81.51,15.32,17.19,62.71,1022.49,0
2022-01-02 16:00:00,RiverBasin_C,190.81,7.38,72.68,27.89,19.3,37.47,993.19,0
2022-01-02 17:00:00,RiverBasin_C,121.23,1.96,81.29,78.77,27.95,75.47,1036.35,0
2022-01-02 18:00:00,RiverBasin_B,45.73,6.11,87.67,22.49,20.35,90.76,1047.71,0
2022-01-02 19:00:00,RiverBasin_D,134.34,3.31,69.09,39.12,22.08,87.97,998.8,0
2022-01-02 20:00:00,RiverBasin_D,123.63,9.67,27.09,83.5,25.01,73.82,1014.64,1
2022-01-02 21:00:00,RiverBasin_D,71.63,5.35,59.01,23.17,35.3,35.27,986.03,0
2022-01-02 22:00:00,RiverBasin_D,22.71,8.25,26.21,17.03,15.35,37.87,1019.14,0
2022-01-02 23:00:00,RiverBasin_C,134.31,5.95,52.6,51.19,31.23,33.45,1015.19,0
2022-01-03 00:00:00,RiverBasin_B,104.06,1.39,52.57,35.71,31.72,48.02,990.11,0
2022-01-03 01:00:00,RiverBasin_B,154.46,6.7,25.28,57.89,34.97,39.5,1010.94,0
2022-01-03 02:00:00,RiverBasin_C,104.03,9.56,47.91,78.32,38.32,48.2,1003.39,1
2022-01-03 03:00:00,RiverBasin_B,170.44,6.41,28.88,21.66,15.5,56.95,1016.53,0
2022-01-03 04:00:00,RiverBasin_C,110.38,8.37,84.66,59.36,18.84,96.01,1021.0,0
2022-01-03 05:00:00,RiverBasin_D,112.19,8.96,95.82,52.97,37.15,72.73,980.59,0
2022-01-03 06:00:00,RiverBasin_C,175.33,3.05,25.79,22.25,26.46,88.45,1033.27,0
2022-01-03 07:00:00,RiverBasin_D,80.7,2.91,96.41,63.04,29.11,79.72,1029.91,0
2022-01-03 08:00:00,RiverBasin_D,26.8,6.5,61.81,33.26,31.58,37.88,1005.64,0
2022-01-03 09:00:00,RiverBasin_A,5.76,4.7,43.97,51.47,31.98,81.51,983.71,0
2022-01-03 10:00:00,RiverBasin_C,151.03,8.56,26.15,16.99,38.29,49.26,1032.85,0
2022-01-03 11:00:00,RiverBasin_A,124.06,9.1,60.05,49.06,39.92,74.74,1046.86,0
2022-01-03 12:00:00,RiverBasin_C,140.82,4.18,83.56,36.05,33.0,53.87,996.81,0
2022-01-03 13:00:00,RiverBasin_C,42.59,3.13,76.57,79.9,22.18,99.84,1002.65,0
2022-01-03 14:00:00,RiverBasin_A,27.27,8.02,24.02,14.84,36.99,48.45,992.87,0
2022-01-03 15:00:00,RiverBasin_A,2.91,3.47,25.83,45.58,16.23,49.54,1020.39,0
2022-01-03 16:00:00,RiverBasin_C,70.12,8.4,52.23,48.97,20.78,95.15,990.84,0
2022-01-03 17:00:00,RiverBasin_B,117.98,4.81,43.62,71.63,37.43,31.73,1004.93,0
2022-01-03 18:00:00,RiverBasin_D,78.45,7.01,38.59,58.81,21.4,78.77,1028.79,0
2022-01-03 19:00:00,RiverBasin_A,87.49,1.86,42.48,66.71,20.52,80.77,1019.21,0
2022-01-03 20:00:00,RiverBasin_D,180.83,6.61,84.28,76.05,18.45,88.55,1007.05,1
2022-01-03 21:00:00,RiverBasin_B,69.65,5.07,94.34,83.29,36.48,98.21,1009.42,0
2022-01-03 22:00:00,RiverBasin_B,102.8,6.28,52.41,36.68,27.5,98.29,1019.35,0
2022-01-03 23:00:00,RiverBasin_B,156.73,2.51,92.49,55.73,31.87,34.57,980.41,0
2022-01-04 00:00:00,RiverBasin_A,79.31,7.63,45.72,81.41,20.98,87.53,985.5,0
2022-01-04 01:00:00,RiverBasin_B,124.42,8.77,58.11,94.1,33.95,75.24,1041.69,1
2022-01-04 02:00:00,RiverBasin_A,172.47,2.95,38.08,85.61,34.0,75.31,985.45,0
2022-01-04 03:00:00,RiverBasin_B,189.9,1.86,71.24,41.57,22.81,38.98,1029.48,0
2022-01-04 04:00:00,RiverBasin_D,29.41,1.21,98.32,26.59,25.27,75.51,1044.4,0
2022-01-04 05:00:00,RiverBasin_D,185.32,6.78,68.28,51.6,20.24,98.77,998.95,0
2022-01-04 06:00:00,RiverBasin_C,98.42,6.46,48.63,73.04,39.41,93.83,1005.93,0
2022-01-04 07:00:00,RiverBasin_D,51.65,5.92,71.83,51.87,31.14,60.74,1019.82,0
2022-01-04 08:00:00,RiverBasin_C,91.83,3.09,29.83,51.07,38.36,32.8,1041.72,0
2022-01-04 09:00:00,RiverBasin_D,196.01,4.52,91.09,81.25,22.58,55.36,1045.93,0
2022-01-04 10:00:00,RiverBasin_A,98.52,6.35,60.25,40.72,34.55,87.85,1031.77,0
2022-01-04 11:00:00,RiverBasin_D,65.75,5.47,55.95,83.08,34.15,79.1,986.06,0
2022-01-04 12:00:00,RiverBasin_C,126.68,9.89,66.87,44.58,32.29,62.15,1026.84,0
2022-01-04 13:00:00,RiverBasin_C,48.03,2.23,69.98,37.9,39.14,33.86,1008.72,0
2022-01-04 14:00:00,RiverBasin_B,15.17,7.26,25.74,48.59,24.84,59.88,1012.95,0
2022-01-04 15:00:00,RiverBasin_A,25.78,4.64,74.61,74.81,18.27,62.83,983.44,0
2022-01-04 16:00:00,RiverBasin_D,25.61,4.85,39.35,20.71,31.79,95.0,993.37,0
2022-01-04 17:00:00,RiverBasin_B,30.38,7.46,77.12,26.7,33.23,74.88,1035.34,0
2022-01-04 18:00:00,RiverBasin_D,27.77,7.23,85.8,90.87,29.38,51.82,1011.78,0
2022-01-04 19:00:00,RiverBasin_D,128.17,9.92,84.32,24.92,20.17,66.77,1001.12,0
2022-01-04 20:00:00,RiverBasin_B,36.38,2.16,64.2,58.26,27.61,34.62,1006.88,0
2022-01-04 21:00:00,RiverBasin_B,69.13,1.94,61.61,59.24,22.8,98.08,1039.81,0
2022-01-04 22:00:00,RiverBasin_B,179.36,7.52,31.43,51.62,25.69,55.2,1032.43,0
2022-01-04 23:00:00,RiverBasin_B,94.79,6.21,82.03,64.8,31.13,63.45,999.06,0
2022-01-05 00:00:00,RiverBasin_B,133.51,3.47,41.71,29.54,33.63,54.87,988.23,0
2022-01-05 01:00:00,RiverBasin_D,34.46,1.71,59.74,56.98,20.81,77.78,997.64,0
2022-01-05 02:00:00,RiverBasin_B,38.46,1.77,42.74,41.63,25.13,76.36,1044.45,0
2022-01-05 03:00:00,RiverBasin_A,8.17,9.05,30.71,66.24,21.73,80.07,1020.71,0
2022-01-05 04:00:00,RiverBasin_C,33.79,2.73,70.36,22.0,19.97,48.77,1017.34,0
2022-01-05 05:00:00,RiverBasin_B,55.72,3.91,24.35,58.52,34.58,52.1,1021.75,0
2022-01-05 06:00:00,RiverBasin_B,35.4,3.04,79.89,25.75,37.73,38.77,1005.62,0
2022-01-05 07:00:00,RiverBasin_D,17.74,4.19,45.41,33.68,24.26,75.89,1036.5,0
2022-01-05 08:00:00,RiverBasin_B,24.13,1.62,20.01,28.59,33.78,32.79,1016.63,0
2022-01-05 09:00:00,RiverBasin_B,92.16,5.67,60.89,25.54,37.42,71.84,988.17,0
2022-01-05 10:00:00,RiverBasin_B,41.27,1.61,23.75,80.19,36.15,90.88,989.03,0
2022-01-05 11:00:00,RiverBasin_D,72.85,8.2,42.09,34.29,19.57,92.36,1017.58,0
2022-01-05 12:00:00,RiverBasin_B,100.68,3.1,76.56,88.81,38.91,61.43,1045.56,0
2022-01-05 13:00:00,RiverBasin_C,138.08,5.86,25.02,92.44,24.42,62.15,1001.58,0
2022-01-05 14:00:00,RiverBasin_D,7.86,8.92,87.15,58.56,23.48,35.39,1040.87,0
2022-01-05 15:00:00,RiverBasin_C,159.88,6.86,20.31,22.16,16.56,76.95,1033.49,0
2022-01-05 16:00:00,RiverBasin_D,125.58,5.8,39.75,41.84,27.15,87.49,997.35,0
2022-01-05 17:00:00,RiverBasin_B,16.35,3.92,79.27,77.81,17.73,47.13,982.54,0
2022-01-05 18:00:00,RiverBasin_C,174.72,4.0,45.3,41.23,21.21,59.49,987.13,0
2022-01-05 19:00:00,RiverBasin_D,184.17,7.03,28.15,17.4,22.92,88.72,1030.99,0
2022-01-05 20:00:00,RiverBasin_A,12.22,9.95,48.82,57.33,35.22,91.4,993.98,0
2022-01-05 21:00:00,RiverBasin_B,55.38,6.96,41.63,81.84,36.89,47.02,1005.99,0
2022-01-05 22:00:00,RiverBasin_D,161.24,6.02,87.42,77.65,22.56,68.54,1015.12,0
2022-01-05 23:00:00,RiverBasin_A,149.65,7.58,45.07,24.89,36.47,43.47,1030.78,0
2022-01-06 00:00:00,RiverBasin_D,36.9,5.19,83.11,67.18,36.43,37.13,987.93,0
2022-01-06 01:00:00,RiverBasin_A,41.87,1.54,91.35,28.74,34.12,93.78,1008.45,0
2022-01-06 02:00:00,RiverBasin_B,74.09,6.06,54.71,28.55,18.67,87.44,1013.96,0
2022-01-06 03:00:00,RiverBasin_C,96.9,9.62,92.8,84.3,32.26,83.2,1017.86,0
2022-01-06 04:00:00,RiverBasin_A,123.65,2.58,50.19,31.22,38.63,33.41,1037.29,0
2022-01-06 05:00:00,RiverBasin_D,73.78,7.21,97.13,32.38,32.06,89.06,992.02,0
2022-01-06 06:00:00,RiverBasin_B,92.51,2.81,27.14,10.06,23.29,60.66,1036.55,0
2022-01-06 07:00:00,RiverBasin_A,149.49,5.82,74.96,84.01,27.51,53.97,1028.5,0
2022-01-06 08:00:00,RiverBasin_D,7.34,1.87,59.51,77.37,31.14,68.25,1018.91,0
2022-01-06 09:00:00,RiverBasin_D,50.49,5.05,51.01,63.32,27.76,36.39,1028.97,0
2022-01-06 10:00:00,RiverBasin_D,142.67,7.81,70.62,73.77,18.0,82.97,1008.84,1
2022-01-06 11:00:00,RiverBasin_A,179.04,4.13,76.31,22.92,22.8,70.77,989.69,0
2022-01-06 12:00:00,RiverBasin_A,102.34,6.98,20.35,48.96,35.06,43.06,1026.6,0
2022-01-06 13:00:00,RiverBasin_A,106.42,8.16,33.36,39.85,36.54,43.18,1016.73,0
2022-01-06 14:00:00,RiverBasin_C,21.43,9.34,77.04,17.97,18.43,42.9,1024.76,0
2022-01-06 15:00:00,RiverBasin_A,89.48,3.11,73.31,51.32,38.81,33.99,1003.66,0
2022-01-06 16:00:00,RiverBasin_A,106.52,4.59,97.28,88.26,23.22,71.15,1043.48,0
2022-01-06 17:00:00,RiverBasin_A,48.49,2.37,80.88,13.41,31.56,88.82,1021.12,0
2022-01-06 18:00:00,RiverBasin_C,53.85,9.93,96.06,34.77,33.8,31.22,985.98,0
2022-01-06 19:00:00,RiverBasin_A,75.46,9.34,76.2,27.64,35.3,33.43,1011.49,0
2022-01-06 20:00:00,RiverBasin_D,4.01,5.86,43.84,30.24,38.64,70.09,1032.94,0
2022-01-06 21:00:00,RiverBasin_A,64.42,8.58,28.43,87.22,22.82,87.36,1035.59,0
2022-01-06 22:00:00,RiverBasin_D,42.29,5.69,82.55,49.79,36.46,52.87,1014.62,0
2022-01-06 23:00:00,RiverBasin_D,65.5,6.61,71.53,49.64,18.29,54.47,1042.63,0
2022-01-07 00:00:00,RiverBasin_D,23.95,1.8,23.85,74.65,32.63,71.74,998.74,0
2022-01-07 01:00:00,RiverBasin_C,178.11,7.8,48.8,23.13,33.55,49.19,1008.74,0
2022-01-07 02:00:00,RiverBasin_C,118.72,2.15,96.54,51.42,31.94,31.86,1042.9,0
2022-01-07 03:00:00,RiverBasin_C,135.82,8.43,60.03,46.55,21.31,81.47,1042.74,0
2022-01-07 04:00:00,RiverBasin_A,157.83,8.04,54.62,60.74,36.83,73.8,1028.0,0
2022-01-07 05:00:00,RiverBasin_D,99.69,7.38,56.62,94.96,19.22,70.65,1040.13,0
2022-01-07 06:00:00,RiverBasin_C,17.38,1.33,36.71,75.4,16.34,81.92,986.21,0
2022-01-07 07:00:00,RiverBasin_C,107.42,3.73,49.5,43.82,32.94,77.27,1040.55,0
2022-01-07 08:00:00,RiverBasin_A,117.37,3.37,49.59,80.34,26.89,44.41,1002.44,0
2022-01-07 09:00:00,RiverBasin_C,149.09,4.24,24.19,24.51,36.23,54.67,992.48,0
2022-01-07 10:00:00,RiverBasin_A,86.33,1.79,81.41,12.59,24.58,38.83,996.76,0
2022-01-07 11:00:00,RiverBasin_B,25.52,9.43,53.32,27.38,19.21,39.09,1009.26,0
2022-01-07 12:00:00,RiverBasin_C,56.76,5.98,85.77,38.93,35.91,77.33,997.58,0
2022-01-07 13:00:00,RiverBasin_B,72.62,3.75,88.03,53.4,28.72,90.1,1002.44,0
2022-01-07 14:00:00,RiverBasin_A,129.18,4.57,36.96,62.29,19.73,97.39,989.45,0
2022-01-07 15:00:00,RiverBasin_D,114.16,5.02,72.59,87.4,33.01,73.98,1000.73,0
2022-01-07 16:00:00,RiverBasin_C,71.22,6.41,57.78,53.34,27.78,42.89,1020.06,0
2022-01-07 17:00:00,RiverBasin_A,197.3,5.64,90.41,52.61,30.11,37.4,1010.93,0
2022-01-07 18:00:00,RiverBasin_D,121.15,9.27,37.26,14.27,26.52,86.9,1004.27,0
2022-01-07 19:00:00,RiverBasin_D,47.45,5.47,74.23,12.97,35.72,70.51,1032.25,0
2022-01-07 20:00:00,RiverBasin_B,20.36,9.93,68.62,56.85,35.74,73.28,1042.55,0
2022-01-07 21:00:00,RiverBasin_A,30.57,8.66,43.62,47.25,32.73,84.7,1032.98,0
2022-01-07 22:00:00,RiverBasin_D,49.19,2.88,30.93,81.33,17.64,79.23,1003.24,0
2022-01-07 23:00:00,RiverBasin_C,32.14,9.38,72.13,23.66,35.97,88.41,1032.11,0
2022-01-08 00:00:00,RiverBasin_C,37.31,2.05,79.09,12.12,31.78,33.93,990.64,0
2022-01-08 01:00:00,RiverBasin_B,57.02,8.36,45.25,48.17,32.43,82.33,989.12,0
2022-01-08 02:00:00,RiverBasin_D,34.67,4.43,71.59,30.19,24.07,89.56,1004.19,0
2022-01-08 03:00:00,RiverBasin_A,179.35,8.9,51.61,14.22,36.98,50.03,1036.54,0
2022-01-08 04:00:00,RiverBasin_C,16.05,8.81,77.06,71.59,33.13,74.83,997.24,0
2022-01-08 05:00:00,RiverBasin_D,104.9,8.25,35.94,19.49,17.81,51.99,984.43,0
2022-01-08 06:00:00,RiverBasin_D,82.08,8.11,91.22,61.71,25.19,97.06,989.22,0
2022-01-08 07:00:00,RiverBasin_B,196.48,3.74,42.99,33.89,37.16,32.34,1040.11,0
2022-01-08 08:00:00,RiverBasin_C,22.41,1.73,49.42,24.75,16.18,70.59,1024.36,0
2022-01-08 09:00:00,RiverBasin_C,79.57,4.63,24.65,42.28,39.04,41.66,997.72,0
2022-01-08 10:00:00,RiverBasin_A,193.89,2.56,28.92,78.12,31.98,79.86,1018.87,0
2022-01-08 11:00:00,RiverBasin_C,173.1,7.25,61.27,43.33,30.78,42.31,1016.93,0
2022-01-08 12:00:00,RiverBasin_A,163.41,4.11,41.41,73.82,21.76,46.48,1025.88,0
2022-01-08 13:00:00,RiverBasin_C,51.58,9.78,86.84,20.67,21.22,64.61,996.32,0
2022-01-08 14:00:00,RiverBasin_B,34.18,6.77,21.18,75.69,38.55,94.04,1040.51,0
2022-01-08 15:00:00,RiverBasin_C,133.73,8.4,50.33,30.14,22.46,44.82,1001.66,0
2022-01-08 16:00:00,RiverBasin_A,185.88,2.19,46.99,67.58,34.39,40.1,1028.59,0
2022-01-08 17:00:00,RiverBasin_A,111.35,8.76,21.55,58.09,24.83,83.13,981.13,0
2022-01-08 18:00:00,RiverBasin_B,114.32,9.3,29.95,88.98,18.48,65.04,1006.09,1
2022-01-08 19:00:00,RiverBasin_C,56.0,5.38,53.09,42.92,15.27,93.82,1004.62,0
2022-01-08 20:00:00,RiverBasin_C,153.9,6.46,59.43,15.62,28.61,40.26,1018.04,0
2022-01-08 21:00:00,RiverBasin_B,37.41,7.88,52.34,11.63,39.39,75.21,985.09,0
2022-01-08 22:00:00,RiverBasin_C,64.74,2.57,62.48,80.28,24.23,46.3,1035.31,0
2022-01-08 23:00:00,RiverBasin_C,85.09,5.52,67.61,54.6,23.93,40.97,995.24,0
2022-01-09 00:00:00,RiverBasin_A,101.52,4.59,20.79,75.9,23.6,77.84,1027.39,0
2022-01-09 01:00:00,RiverBasin_C,48.48,2.32,57.13,29.93,28.01,71.56,1036.22,0
2022-01-09 02:00:00,RiverBasin_C,22.97,4.31,97.08,39.33,26.02,82.84,1019.33,0
2022-01-09 03:00:00,RiverBasin_B,122.12,1.61,61.52,12.56,37.0,51.66,1031.86,0
2022-01-09 04:00:00,RiverBasin_B,57.73,1.23,74.2,91.73,27.64,61.36,1026.33,0
2022-01-09 05:00:00,RiverBasin_D,116.25,2.22,44.95,66.77,27.69,58.38,1004.89,0
2022-01-09 06:00:00,RiverBasin_A,30.87,9.67,81.92,89.32,18.46,98.89,1036.62,0
2022-01-09 07:00:00,RiverBasin_C,96.23,5.95,81.83,32.57,39.57,50.46,1000.63,0
2022-01-09 08:00:00,RiverBasin_C,106.52,9.69,61.7,61.97,21.25,50.64,1019.98,0
2022-01-09 09:00:00,RiverBasin_D,10.36,4.89,98.08,67.67,16.83,54.82,1032.18,0
2022-01-09 10:00:00,RiverBasin_C,67.32,3.81,30.04,36.99,31.58,69.52,1006.53,0
2022-01-09 11:00:00,RiverBasin_A,26.88,5.56,21.36,82.09,29.88,47.66,1001.19,0
2022-01-09 12:00:00,RiverBasin_D,12.67,4.96,81.61,90.51,25.38,94.07,1012.15,0
2022-01-09 13:00:00,RiverBasin_A,197.99,1.95,84.57,85.21,25.55,48.6,1037.26,0
2022-01-09 14:00:00,RiverBasin_D,64.47,6.77,29.62,72.82,34.63,92.71,1045.09,0
2022-01-09 15:00:00,RiverBasin_D,161.97,2.94,41.25,33.58,19.89,37.24,1018.16,0
2022-01-09 16:00:00,RiverBasin_B,50.93,6.58,21.4,33.94,35.51,75.96,1026.3,0
2022-01-09 17:00:00,RiverBasin_A,136.3,6.85,43.46,91.89,31.22,93.49,1043.23,1
2022-01-09 18:00:00,RiverBasin_C,152.05,2.37,81.85,10.87,25.47,41.81,986.9,0
2022-01-09 19:00:00,RiverBasin_C,119.13,1.55,61.44,70.86,26.45,97.78,996.25,0
2022-01-09 20:00:00,RiverBasin_A,94.32,8.03,47.85,70.03,21.42,61.7,1029.62,0
2022-01-09 21:00:00,RiverBasin_C,82.37,5.14,49.74,62.93,33.8,96.2,1037.66,0
2022-01-09 22:00:00,RiverBasin_C,69.77,1.52,20.11,94.16,27.82,77.38,1039.99,0
2022-01-09 23:00:00,RiverBasin_A,185.91,9.95,43.98,36.51,23.02,51.11,1009.06,0
2022-01-10 00:00:00,RiverBasin_D,166.12,1.52,71.72,38.9,29.9,43.18,986.25,0
2022-01-10 01:00:00,RiverBasin_A,193.01,7.26,97.94,16.71,39.89,51.26,1010.64,0
2022-01-10 02:00:00,RiverBasin_D,24.86,9.85,87.76,47.64,25.88,36.51,996.15,0
2022-01-10 03:00:00,RiverBasin_C,146.17,3.15,21.89,32.19,38.02,40.07,1000.38,0
2022-01-10 04:00:00,RiverBasin_C,187.67,2.28,91.88,39.19,23.63,37.33,1034.06,0
2022-01-10 05:00:00,RiverBasin_C,36.25,2.09,82.66,80.94,16.37,59.61,985.29,0
2022-01-10 06:00:00,RiverBasin_B,13.3,3.73,82.43,89.52,20.11,85.69,1037.93,0
2022-01-10 07:00:00,RiverBasin_D,148.22,1.91,56.64,25.79,25.47,39.9,1009.94,0
2022-01-10 08:00:00,RiverBasin_B,114.89,7.23,51.84,41.66,20.49,39.12,1021.72,0
2022-01-10 09:00:00,RiverBasin_B,168.37,1.56,44.23,88.93,15.01,75.04,986.28,0
2022-01-10 10:00:00,RiverBasin_A,27.95,5.58,25.26,15.25,37.88,43.8,1003.62,0
2022-01-10 11:00:00,RiverBasin_B,159.05,9.97,38.26,17.85,36.1,36.83,986.28,0
2022-01-10 12:00:00,RiverBasin_A,40.33,8.33,39.73,23.84,33.56,41.68,1047.31,0
2022-01-10 13:00:00,RiverBasin_A,32.73,6.54,58.73,60.59,19.2,94.66,1036.51,0
2022-01-10 14:00:00,RiverBasin_B,32.85,3.76,79.8,22.79,18.01,87.5,1012.17,0
2022-01-10 15:00:00,RiverBasin_D,162.91,6.62,57.9,92.29,16.69,54.78,995.65,1
2022-01-10 16:00:00,RiverBasin_D,133.04,5.74,24.63,47.97,33.1,75.91,1045.34,0
2022-01-10 17:00:00,RiverBasin_D,104.61,4.83,96.62,52.63,38.22,67.61,1004.12,0
2022-01-10 18:00:00,RiverBasin_D,71.77,2.18,95.42,30.97,25.76,77.4,991.27,0
2022-01-10 19:00:00,RiverBasin_D,175.44,8.98,82.82,50.03,17.98,77.79,1019.42,0
2022-01-10 20:00:00,RiverBasin_B,78.49,5.05,99.31,66.26,27.81,74.01,1046.06,0
2022-01-10 21:00:00,RiverBasin_B,163.32,2.75,63.56,73.85,23.72,48.63,980.27,0
2022-01-10 22:00:00,RiverBasin_C,87.83,4.31,97.02,74.08,24.37,32.73,996.67,0
2022-01-10 23:00:00,RiverBasin_D,75.39,4.73,26.05,59.12,30.53,61.89,1045.69,0
2022-01-11 00:00:00,RiverBasin_B,92.54,8.45,49.25,86.87,32.97,92.37,991.98,0
2022-01-11 01:00:00,RiverBasin_C,60.28,7.6,38.03,79.48,17.77,69.86,987.93,0
2022-01-11 02:00:00,RiverBasin_D,149.52,7.92,35.67,74.35,15.89,88.27,1019.91,1
2022-01-11 03:00:00,RiverBasin_A,100.54,1.1,31.26,14.73,39.86,99.41,1040.33,0
2022-01-11 04:00:00,RiverBasin_C,46.44,4.75,69.79,10.58,20.82,41.45,1013.4,0
2022-01-11 05:00:00,RiverBasin_B,179.91,5.33,82.51,28.06,16.35,78.42,1049.62,0
2022-01-11 06:00:00,RiverBasin_A,76.78,1.17,66.26,66.4,19.75,77.2,1027.54,0
2022-01-11 07:00:00,RiverBasin_A,108.71,3.34,31.76,44.95,15.97,98.6,985.19,0
2022-01-11 08:00:00,RiverBasin_A,181.29,7.84,84.89,44.2,24.8,98.99,1049.5,0
2022-01-11 09:00:00,RiverBasin_C,124.85,2.23,70.88,85.19,35.06,78.07,1008.55,0
2022-01-11 10:00:00,RiverBasin_B,23.38,5.82,51.05,86.12,23.53,47.05,1000.12,0
2022-01-11 11:00:00,RiverBasin_A,187.97,2.94,73.93,87.28,26.1,85.9,1019.05,0
2022-01-11 12:00:00,RiverBasin_D,125.54,1.11,40.79,36.68,31.89,37.49,1001.3,0
2022-01-11 13:00:00,RiverBasin_A,66.98,3.17,47.62,68.74,27.72,84.65,986.05,0
2022-01-11 14:00:00,RiverBasin_A,27.85,9.78,93.4,33.09,36.54,93.71,980.1,0
2022-01-11 15:00:00,RiverBasin_C,158.81,8.21,43.24,26.2,36.65,56.8,1011.47,0
2022-01-11 16:00:00,RiverBasin_C,124.01,9.64,57.6,25.69,15.25,74.14,1038.58,0
2022-01-11 17:00:00,RiverBasin_B,106.69,5.39,91.21,39.08,34.45,60.11,1020.06,0
2022-01-11 18:00:00,RiverBasin_D,178.78,1.99,76.62,46.55,26.52,60.64,1049.94,0
2022-01-11 19:00:00,RiverBasin_C,157.72,5.93,24.98,80.63,39.72,51.73,1000.08,0
2022-01-11 20:00:00,RiverBasin_A,30.33,5.09,31.78,20.19,27.08,83.35,999.63,0
2022-01-11 21:00:00,RiverBasin_B,62.34,8.6,20.63,72.47,39.67,95.53,991.18,0
2022-01-11 22:00:00,RiverBasin_A,49.7,1.88,70.47,55.17,33.86,95.85,991.48,0
2022-01-11 23:00:00,RiverBasin_A,148.79,5.39,55.81,34.48,21.22,42.23,999.96,0
2022-01-12 00:00:00,RiverBasin_C,6.71,2.35,30.74,51.89,28.46,91.23,1035.5,0
2022-01-12 01:00:00,RiverBasin_B,113.98,3.92,96.63,35.5,39.8,81.62,1043.4,0
2022-01-12 02:00:00,RiverBasin_D,152.49,7.64,62.37,60.67,36.44,47.7,1048.26,0
2022-01-12 03:00:00,RiverBasin_D,175.35,5.28,39.35,46.88,17.43,34.71,996.26,0
2022-01-12 04:00:00,RiverBasin_C,68.42,4.38,60.05,23.97,32.66,48.76,1041.69,0
2022-01-12 05:00:00,RiverBasin_C,164.25,4.55,74.37,19.91,23.64,93.85,1002.98,0
2022-01-12 06:00:00,RiverBasin_B,22.13,5.14,26.1,56.47,15.17,74.32,987.9,0
2022-01-12 07:00:00,RiverBasin_D,169.29,8.07,41.98,86.71,25.09,80.47,1040.9,1
2022-01-12 08:00:00,RiverBasin_D,25.5,9.03,84.56,39.24,20.87,48.0,1024.53,0
2022-01-12 09:00:00,RiverBasin_D,79.46,9.6,56.77,72.31,35.47,80.36,991.53,0
2022-01-12 10:00:00,RiverBasin_A,159.46,8.08,63.73,65.99,23.43,31.97,1010.09,0
2022-01-12 11:00:00,RiverBasin_D,29.98,3.84,54.63,89.18,35.69,56.27,1000.11,0
2022-01-12 12:00:00,RiverBasin_A,45.85,7.19,23.51,79.78,15.01,73.87,1031.58,0
2022-01-12 13:00:00,RiverBasin_B,144.45,4.94,33.26,58.16,22.7,40.23,1011.74,0
2022-01-12 14:00:00,RiverBasin_A,144.01,3.29,55.64,65.85,21.03,87.61,1049.25,0
2022-01-12 15:00:00,RiverBasin_B,128.23,8.57,36.73,86.36,20.84,46.45,983.83,1
2022-01-12 16:00:00,RiverBasin_D,138.79,1.35,24.0,43.96,16.7,75.66,1004.85,0
2022-01-12 17:00:00,RiverBasin_D,108.54,9.12,87.49,37.78,19.68,58.36,1013.73,0
2022-01-12 18:00:00,RiverBasin_B,50.36,5.15,98.5,10.92,28.89,71.72,1015.22,0
2022-01-12 19:00:00,RiverBasin_C,69.14,6.73,83.45,80.26,22.28,37.52,1002.12,0
2022-01-12 20:00:00,RiverBasin_B,36.32,6.93,88.3,78.08,25.43,31.18,1031.05,0
2022-01-12 21:00:00,RiverBasin_C,181.69,9.06,39.36,18.88,24.42,93.67,1041.23,0
2022-01-12 22:00:00,RiverBasin_A,116.68,6.73,96.85,59.03,36.9,48.87,1045.71,0
2022-01-12 23:00:00,RiverBasin_A,80.17,6.53,35.75,49.44,37.63,87.38,1036.36,0
2022-01-13 00:00:00,RiverBasin_A,92.4,1.6,96.11,20.09,27.32,99.95,1039.54,0
2022-01-13 01:00:00,RiverBasin_D,189.46,5.67,99.59,93.35,23.25,44.8,1018.54,0
2022-01-13 02:00:00,RiverBasin_A,30.67,2.35,76.94,28.25,17.67,48.56,1037.81,0
2022-01-13 03:00:00,RiverBasin_C,117.25,7.64,98.49,15.71,38.84,76.4,1001.25,0
2022-01-13 04:00:00,RiverBasin_A,101.18,5.61,65.56,60.56,16.51,97.58,1007.89,0
2022-01-13 05:00:00,RiverBasin_B,122.29,7.12,40.76,72.8,22.44,94.11,1002.18,1
2022-01-13 06:00:00,RiverBasin_B,3.62,1.38,54.96,12.76,22.45,65.2,1012.72,0
2022-01-13 07:00:00,RiverBasin_D,174.42,1.76,67.48,65.99,23.01,85.66,999.99,0
2022-01-13 08:00:00,RiverBasin_B,186.42,7.45,25.85,55.24,19.11,39.5,1047.31,0
2022-01-13 09:00:00,RiverBasin_C,113.03,1.65,69.79,18.78,34.58,98.42,1001.9,0
2022-01-13 10:00:00,RiverBasin_A,139.33,1.64,98.49,24.66,18.06,97.5,986.86,0
2022-01-13 11:00:00,RiverBasin_D,184.5,1.11,35.21,58.28,30.87,41.46,1016.88,0
2022-01-13 12:00:00,RiverBasin_A,141.45,9.61,83.41,35.19,18.1,50.96,984.0,0
2022-01-13 13:00:00,RiverBasin_A,30.51,7.64,92.63,89.76,16.76,37.01,987.74,0
2022-01-13 14:00:00,RiverBasin_C,115.26,4.18,95.5,79.59,37.74,49.02,995.36,0
2022-01-13 15:00:00,RiverBasin_B,121.34,3.67,96.81,93.6,19.75,87.12,1012.5,0
2022-01-13 16:00:00,RiverBasin_B,84.83,4.15,61.72,32.07,35.53,56.48,1010.33,0
2022-01-13 17:00:00,RiverBasin_A,147.29,7.97,98.18,92.43,28.62,36.19,1035.98,1
2022-01-13 18:00:00,RiverBasin_D,186.87,6.95,80.58,46.65,16.95,53.96,1031.76,0
2022-01-13 19:00:00,RiverBasin_B,185.11,2.67,32.93,39.54,38.89,98.7,1009.84,0
2022-01-13 20:00:00,RiverBasin_D,90.17,2.57,58.15,14.28,21.17,74.08,1003.36,0
2022-01-13 21:00:00,RiverBasin_B,22.65,1.89,77.47,14.49,36.49,59.13,1002.15,0
2022-01-13 22:00:00,RiverBasin_D,196.97,6.94,39.79,68.82,19.22,41.66,1034.18,0
2022-01-13 23:00:00,RiverBasin_C,167.78,7.88,71.25,48.92,36.35,99.03,983.65,0
2022-01-14 00:00:00,RiverBasin_D,24.93,3.39,73.33,29.25,15.33,87.46,980.9,0
2022-01-14 01:00:00,RiverBasin_C,184.17,1.19,33.02,62.19,27.79,49.7,1035.69,0
2022-01-14 02:00:00,RiverBasin_C,173.98,1.74,65.21,31.49,34.24,34.9,1013.4,0
2022-01-14 03:00:00,RiverBasin_D,103.77,9.71,81.73,59.1,38.37,33.96,989.16,0
2022-01-14 04:00:00,RiverBasin_C,118.26,3.66,59.91,40.53,37.73,38.43,996.49,0
2022-01-14 05:00:00,RiverBasin_A,79.8,7.92,20.97,80.0,35.49,70.65,1045.28,0
2022-01-14 06:00:00,RiverBasin_C,10.95,6.62,20.72,79.76,37.2,95.01,1040.17,0
2022-01-14 07:00:00,RiverBasin_B,67.04,4.44,48.56,50.57,19.98,64.77,1029.68,0
2022-01-14 08:00:00,RiverBasin_D,160.57,2.85,94.1,39.82,22.1,89.01,1013.76,0
2022-01-14 09:00:00,RiverBasin_A,0.93,2.09,38.29,40.82,22.22,61.21,1016.42,0
2022-01-14 10:00:00,RiverBasin_D,66.7,6.54,70.75,78.49,24.43,79.6,1048.27,0
2022-01-14 11:00:00,RiverBasin_B,79.63,7.97,37.77,37.9,24.83,81.23,1047.6,0
2022-01-14 12:00:00,RiverBasin_B,107.48,6.8,45.73,27.77,28.61,42.18,995.07,0
2022-01-14 13:00:00,RiverBasin_B,183.97,5.77,87.84,17.2,19.0,55.29,1036.78,0
2022-01-14 14:00:00,RiverBasin_C,69.27,1.38,78.31,49.67,32.28,74.61,993.81,0
2022-01-14 15:00:00,RiverBasin_C,69.39,9.72,27.63,50.98,19.19,34.95,994.95,0
2022-01-14 16:00:00,RiverBasin_D,147.5,8.19,54.3,81.48,22.76,55.31,1027.33,1
2022-01-14 17:00:00,RiverBasin_D,90.44,3.64,22.33,28.81,27.58,67.44,1008.35,0
2022-01-14 18:00:00,RiverBasin_A,44.92,9.82,58.47,42.38,34.91,99.74,1045.21,0
2022-01-14 19:00:00,RiverBasin_A,90.49,6.42,72.99,78.71,33.49,63.22,986.23,0
2022-01-14 20:00:00,RiverBasin_D,28.17,6.24,29.48,80.01,31.14,87.12,1015.81,0
2022-01-14 21:00:00,RiverBasin_C,35.28,7.73,43.11,42.69,18.89,60.24,1044.3,0
2022-01-14 22:00:00,RiverBasin_B,99.67,8.31,51.83,49.03,28.68,85.75,1043.29,0
2022-01-14 23:00:00,RiverBasin_D,83.79,6.91,93.56,35.78,17.19,71.68,990.96,0
2022-01-15 00:00:00,RiverBasin_A,182.97,2.15,99.46,89.27,24.43,92.06,1005.66,0
2022-01-15 01:00:00,RiverBasin_C,72.48,4.04,23.59,20.08,25.34,58.77,1023.34,0
2022-01-15 02:00:00,RiverBasin_D,116.12,9.35,80.88,89.37,16.0,72.3,991.16,1
2022-01-15 03:00:00,RiverBasin_D,126.45,3.02,49.74,68.13,21.85,74.1,1047.76,0
2022-01-15 04:00:00,RiverBasin_C,2.62,4.35,51.4,55.18,38.89,59.22,1044.03,0
2022-01-15 05:00:00,RiverBasin_D,132.71,4.89,80.34,12.78,38.84,40.1,991.69,0
2022-01-15 06:00:00,RiverBasin_C,35.61,4.95,93.47,50.43,23.81,36.55,988.48,0
2022-01-15 07:00:00,RiverBasin_B,192.21,6.52,96.07,44.66,16.08,31.17,985.98,0
2022-01-15 08:00:00,RiverBasin_C,29.73,9.49,66.17,23.7,19.48,91.15,1043.66,0
2022-01-15 09:00:00,RiverBasin_C,82.92,3.17,48.57,65.79,24.81,46.55,993.55,0
2022-01-15 10:00:00,RiverBasin_C,17.07,2.09,83.0,92.55,38.69,44.81,1009.14,0
2022-01-15 11:00:00,RiverBasin_D,199.37,2.78,40.08,57.79,18.53,81.52,1011.42,0
2022-01-15 12:00:00,RiverBasin_D,100.44,8.98,65.13,70.75,34.09,52.4,1021.93,1
2022-01-15 13:00:00,RiverBasin_C,119.08,6.81,48.69,15.82,17.72,65.42,985.02,0
2022-01-15 14:00:00,RiverBasin_D,13.42,3.57,72.53,45.5,39.53,41.38,995.87,0
2022-01-15 15:00:00,RiverBasin_A,149.99,8.34,39.23,19.89,24.54,97.18,1045.2,0
2022-01-15 16:00:00,RiverBasin_A,41.98,8.75,35.33,62.09,34.38,89.61,1043.59,0
2022-01-15 17:00:00,RiverBasin_D,179.61,8.62,93.46,89.77,23.56,90.47,1034.69,1
2022-01-15 18:00:00,RiverBasin_D,41.03,9.27,28.14,66.25,30.69,58.47,981.36,0
2022-01-15 19:00:00,RiverBasin_C,38.14,3.27,60.48,16.53,19.8,83.37,1002.89,0
2022-01-15 20:00:00,RiverBasin_B,7.31,7.8,37.67,40.15,18.65,40.07,1023.96,0
2022-01-15 21:00:00,RiverBasin_D,94.41,5.14,23.11,56.81,38.45,30.6,999.26,0
2022-01-15 22:00:00,RiverBasin_A,112.97,8.58,22.88,44.27,37.94,31.4,1043.67,0
2022-01-15 23:00:00,RiverBasin_C,13.14,7.56,34.02,80.86,37.19,71.06,1024.37,0
2022-01-16 00:00:00,RiverBasin_D,155.11,7.99,89.34,79.25,30.64,61.88,985.03,1
2022-01-16 01:00:00,RiverBasin_A,90.66,6.91,42.6,62.01,35.21,66.26,1043.63,0
2022-01-16 02:00:00,RiverBasin_A,104.88,2.6,96.04,41.74,16.73,30.52,1047.04,0
2022-01-16 03:00:00,RiverBasin_B,88.15,5.91,66.53,31.7,23.37,59.59,985.44,0
2022-01-16 04:00:00,RiverBasin_C,80.15,9.86,54.93,19.0,22.84,80.26,1017.27,0
2022-01-16 05:00:00,RiverBasin_C,111.93,9.44,66.41,40.17,30.89,60.99,1001.24,0
2022-01-16 06:00:00,RiverBasin_B,31.05,1.39,61.34,45.12,23.9,81.26,1007.5,0
2022-01-16 07:00:00,RiverBasin_B,36.39,2.48,80.7,67.44,18.71,46.31,992.58,0
2022-01-16 08:00:00,RiverBasin_C,172.36,2.19,42.6,65.94,29.91,86.92,1020.47,0
2022-01-16 09:00:00,RiverBasin_C,189.22,7.53,48.24,15.96,35.36,71.19,1047.06,0
2022-01-16 10:00:00,RiverBasin_D,74.66,8.36,91.53,43.6,24.55,44.75,1015.22,0
2022-01-16 11:00:00,RiverBasin_D,54.15,2.92,95.72,25.45,18.31,46.57,985.8,0
2022-01-16 12:00:00,RiverBasin_B,128.8,5.55,91.4,23.33,19.92,73.96,1023.4,0
2022-01-16 13:00:00,RiverBasin_D,81.75,8.57,53.56,80.32,20.94,88.1,1003.82,0
2022-01-16 14:00:00,RiverBasin_A,5.08,7.6,82.43,13.56,22.5,59.09,1039.91,0
2022-01-16 15:00:00,RiverBasin_D,31.23,5.88,58.11,45.63,31.07,48.08,1010.43,0
2022-01-16 16:00:00,RiverBasin_D,143.19,6.31,59.8,24.3,30.02,90.69,993.5,0
2022-01-16 17:00:00,RiverBasin_A,131.78,5.58,36.37,84.74,32.4,76.85,993.38,0
2022-01-16 18:00:00,RiverBasin_B,5.42,3.68,67.29,57.35,24.06,61.37,1033.81,0
2022-01-16 19:00:00,RiverBasin_A,44.39,6.09,34.89,29.67,35.6,64.15,998.59,0
2022-01-16 20:00:00,RiverBasin_D,46.21,7.2,46.53,52.71,20.1,44.3,1033.71,0
2022-01-16 21:00:00,RiverBasin_B,134.38,8.86,88.4,72.18,26.73,73.88,994.41,1
2022-01-16 22:00:00,RiverBasin_D,3.94,6.73,36.57,91.44,35.02,55.11,1002.52,0
2022-01-16 23:00:00,RiverBasin_A,20.82,7.85,25.69,28.74,19.5,99.7,1012.58,0
2022-01-17 00:00:00,RiverBasin_A,159.98,2.44,25.52,85.33,17.75,63.61,1046.02,0
2022-01-17 01:00:00,RiverBasin_D,35.71,5.15,95.26,89.42,37.09,64.01,1045.22,0
2022-01-17 02:00:00,RiverBasin_C,130.55,1.08,60.55,87.9,23.57,69.61,994.48,0
2022-01-17 03:00:00,RiverBasin_C,47.64,3.22,52.75,64.01,32.1,94.17,1005.08,0
2022-01-17 04:00:00,RiverBasin_A,19.89,7.54,84.87,63.53,15.63,86.06,990.46,0
2022-01-17 05:00:00,RiverBasin_A,48.63,9.93,86.87,44.27,32.25,61.58,1015.7,0
2022-01-17 06:00:00,RiverBasin_C,144.45,1.89,46.58,73.95,22.9,80.31,1012.24,0
2022-01-17 07:00:00,RiverBasin_C,171.14,4.61,75.49,55.16,16.39,71.04,1043.05,0
2022-01-17 08:00:00,RiverBasin_D,166.04,8.2,81.69,67.58,30.25,64.47,1045.1,0
2022-01-17 09:00:00,RiverBasin_D,79.44,2.84,72.37,46.42,21.02,43.46,1006.85,0
2022-01-17 10:00:00,RiverBasin_C,133.62,6.0,32.13,72.18,24.67,62.48,1014.42,0
2022-01-17 11:00:00,RiverBasin_D,41.0,7.6,90.07,80.08,17.01,47.21,1042.74,0
2022-01-17 12:00:00,RiverBasin_D,58.63,6.54,63.13,22.45,18.68,94.04,1036.47,0
2022-01-17 13:00:00,RiverBasin_B,179.27,2.69,42.6,80.8,22.45,53.48,980.26,0
2022-01-17 14:00:00,RiverBasin_D,2.6,4.2,54.02,55.93,17.24,96.66,1002.4,0
2022-01-17 15:00:00,RiverBasin_A,17.1,8.05,23.01,81.8,37.77,67.31,1009.52,0
2022-01-17 16:00:00,RiverBasin_D,41.58,5.99,30.23,46.66,15.15,74.21,996.08,0
2022-01-17 17:00:00,RiverBasin_D,5.31,1.05,81.24,42.22,27.1,68.01,993.97,0
2022-01-17 18:00:00,RiverBasin_C,36.29,7.85,20.0,87.78,18.08,39.06,982.64,0
2022-01-17 19:00:00,RiverBasin_A,116.61,1.32,53.33,31.35,22.69,56.31,1025.04,0
2022-01-17 20:00:00,RiverBasin_D,84.28,7.71,61.8,81.76,38.15,36.94,998.38,0
2022-01-17 21:00:00,RiverBasin_D,178.53,2.82,24.37,51.14,19.04,73.61,983.66,0
2022-01-17 22:00:00,RiverBasin_B,163.49,9.62,97.85,53.7,39.15,61.28,996.17,0
2022-01-17 23:00:00,RiverBasin_D,68.36,4.31,38.09,36.22,20.14,84.46,1036.13,0
2022-01-18 00:00:00,RiverBasin_D,51.88,3.94,44.34,58.71,33.54,45.43,1039.6,0
2022-01-18 01:00:00,RiverBasin_B,75.94,2.34,44.32,37.64,28.67,41.52,1013.81,0
2022-01-18 02:00:00,RiverBasin_C,118.06,3.75,38.43,13.34,37.11,58.44,1009.12,0
2022-01-18 03:00:00,RiverBasin_D,53.61,8.89,20.12,33.12,28.85,94.86,1048.45,0
2022-01-18 04:00:00,RiverBasin_B,124.83,9.97,78.35,10.54,28.36,79.73,994.04,0
2022-01-18 05:00:00,RiverBasin_A,81.88,4.31,97.35,93.16,19.89,59.32,995.08,0
2022-01-18 06:00:00,RiverBasin_C,110.41,5.04,37.94,92.09,19.16,66.21,1000.43,0
2022-01-18 07:00:00,RiverBasin_A,87.23,7.5,73.04,43.59,37.91,35.89,992.09,0
2022-01-18 08:00:00,RiverBasin_A,58.89,8.98,79.35,71.91,23.2,98.92,1006.56,0
2022-01-18 09:00:00,RiverBasin_B,189.69,6.34,87.87,39.39,24.3,76.65,1043.76,0
2022-01-18 10:00:00,RiverBasin_D,152.72,4.52,53.81,67.04,34.0,49.98,1023.07,0
2022-01-18 11:00:00,RiverBasin_B,28.02,4.71,44.23,78.46,23.47,71.01,1008.84,0
2022-01-18 12:00:00,RiverBasin_B,173.69,7.26,46.02,90.47,38.8,37.66,1045.41,1
2022-01-18 13:00:00,RiverBasin_B,97.49,1.03,77.01,44.02,33.45,97.61,983.39,0
2022-01-18 14:00:00,RiverBasin_B,178.91,6.58,85.34,76.58,29.94,42.23,994.72,1
2022-01-18 15:00:00,RiverBasin_C,159.97,4.2,34.53,32.6,37.02,75.36,1019.61,0
2022-01-18 16:00:00,RiverBasin_D,85.04,8.15,49.68,94.18,16.24,47.18,1023.09,0
2022-01-18 17:00:00,RiverBasin_A,4.49,1.84,92.16,12.19,21.43,80.23,982.77,0
2022-01-18 18:00:00,RiverBasin_A,53.74,6.29,84.54,61.3,26.63,84.38,1008.21,0
2022-01-18 19:00:00,RiverBasin_D,108.33,5.33,98.79,66.06,20.67,77.14,1025.44,0
2022-01-18 20:00:00,RiverBasin_A,126.7,6.78,80.34,68.48,33.6,73.01,1028.86,0
2022-01-18 21:00:00,RiverBasin_D,51.58,1.58,51.46,20.23,37.98,92.47,1024.67,0
2022-01-18 22:00:00,RiverBasin_A,27.87,6.22,67.25,89.78,25.59,35.5,1002.44,0
2022-01-18 23:00:00,RiverBasin_B,166.99,6.05,72.88,25.4,23.55,53.16,986.55,0
2022-01-19 00:00:00,RiverBasin_A,196.88,6.05,26.28,62.93,39.04,47.38,1009.9,0
2022-01-19 01:00:00,RiverBasin_D,105.14,6.43,63.56,28.93,26.12,99.16,989.01,0
2022-01-19 02:00:00,RiverBasin_D,34.34,7.09,76.75,36.11,27.23,57.26,1046.33,0
2022-01-19 03:00:00,RiverBasin_D,54.46,8.24,33.39,56.45,23.79,81.28,1013.26,0
2022-01-19 04:00:00,RiverBasin_D,3.68,3.43,82.45,45.46,37.74,77.93,1002.21,0
2022-01-19 05:00:00,RiverBasin_D,182.86,8.43,66.7,23.62,29.22,44.85,1033.64,0
2022-01-19 06:00:00,RiverBasin_C,23.55,5.48,96.18,24.53,34.05,46.73,1014.86,0
2022-01-19 07:00:00,RiverBasin_C,115.3,1.69,23.39,45.54,35.3,49.69,1001.7,0
2022-01-19 08:00:00,RiverBasin_A,54.81,1.53,41.23,74.37,23.55,58.78,1036.84,0
2022-01-19 09:00:00,RiverBasin_D,110.84,4.01,68.12,86.33,25.84,46.4,1040.7,0
2022-01-19 10:00:00,RiverBasin_A,130.28,8.06,43.72,17.15,36.21,31.38,1027.11,0
2022-01-19 11:00:00,RiverBasin_D,165.95,7.37,77.15,43.41,24.08,91.56,983.29,0
2022-01-19 12:00:00,RiverBasin_D,41.28,8.1,80.72,18.52,34.85,97.59,1019.64,0
2022-01-19 13:00:00,RiverBasin_C,2.2,5.66,28.2,11.41,38.52,53.91,1033.43,0
2022-01-19 14:00:00,RiverBasin_C,27.38,4.96,61.11,66.25,30.58,53.7,989.56,0
2022-01-19 15:00:00,RiverBasin_B,180.0,2.33,60.71,61.21,33.54,30.5,996.01,0
2022-01-19 16:00:00,RiverBasin_C,174.78,3.95,49.54,23.86,35.13,77.62,1041.77,0
2022-01-19 17:00:00,RiverBasin_B,119.48,4.91,94.63,29.87,36.13,87.78,981.41,0
2022-01-19 18:00:00,RiverBasin_B,120.1,1.8,86.2,12.02,24.88,40.26,1032.69,0
2022-01-19 19:00:00,RiverBasin_B,133.01,2.99,75.78,80.97,16.28,41.18,1013.16,0
2022-01-19 20:00:00,RiverBasin_B,35.07,6.38,77.15,92.85,25.05,85.31,1011.27,0
2022-01-19 21:00:00,RiverBasin_B,182.88,7.62,56.94,21.51,31.84,73.14,980.5,0
2022-01-19 22:00:00,RiverBasin_A,83.75,9.99,93.68,29.68,26.26,33.14,1037.36,0
2022-01-19 23:00:00,RiverBasin_C,76.63,9.4,75.57,83.81,33.72,73.58,1005.19,0
2022-01-20 00:00:00,RiverBasin_B,103.78,6.78,78.32,88.75,23.92,51.62,1017.85,1
2022-01-20 01:00:00,RiverBasin_D,9.39,4.79,88.94,45.67,30.87,55.81,1027.41,0
2022-01-20 02:00:00,RiverBasin_C,33.26,6.73,41.93,14.3,19.66,83.88,1029.18,0
2022-01-20 03:00:00,RiverBasin_C,147.61,8.07,84.57,13.35,33.73,86.77,1046.92,0
2022-01-20 04:00:00,RiverBasin_B,16.56,2.07,35.62,58.79,28.64,58.02,1017.19,0
2022-01-20 05:00:00,RiverBasin_A,120.63,4.69,47.63,43.4,20.1,96.3,1007.98,0
2022-01-20 06:00:00,RiverBasin_B,49.07,8.56,46.85,12.44,22.3,58.45,1046.76,0
2022-01-20 07:00:00,RiverBasin_A,77.86,4.45,98.28,59.58,33.72,84.03,1024.95,0
2022-01-20 08:00:00,RiverBasin_D,57.74,6.15,88.52,10.96,27.07,63.87,1000.87,0
2022-01-20 09:00:00,RiverBasin_C,71.13,6.29,76.09,76.93,20.4,92.83,988.85,0
2022-01-20 10:00:00,RiverBasin_D,143.81,2.66,78.16,36.05,39.18,93.54,1038.98,0
2022-01-20 11:00:00,RiverBasin_A,59.42,4.26,64.97,13.42,32.88,36.12,1005.35,0
2022-01-20 12:00:00,RiverBasin_A,113.28,4.01,95.77,60.01,38.93,95.55,1026.23,0
2022-01-20 13:00:00,RiverBasin_D,95.21,1.24,59.7,43.8,25.68,87.79,1012.96,0
2022-01-20 14:00:00,RiverBasin_A,132.73,1.22,50.44,92.77,26.88,85.39,993.93,0
2022-01-20 15:00:00,RiverBasin_D,187.37,8.49,33.04,56.26,37.45,44.06,1022.12,0
2022-01-20 16:00:00,RiverBasin_C,146.51,3.46,82.9,33.4,28.13,86.36,984.25,0
2022-01-20 17:00:00,RiverBasin_D,42.99,5.66,78.76,70.3,32.68,89.51,1008.93,0
2022-01-20 18:00:00,RiverBasin_C,6.24,3.69,50.75,33.08,21.3,50.24,1018.26,0
2022-01-20 19:00:00,RiverBasin_D,52.45,9.47,22.02,86.86,26.17,96.66,1010.52,0
2022-01-20 20:00:00,RiverBasin_A,119.02,3.33,87.12,41.85,18.09,33.49,1032.41,0
2022-01-20 21:00:00,RiverBasin_D,10.29,4.87,20.91,56.74,20.15,40.49,1037.95,0
2022-01-20 22:00:00,RiverBasin_A,99.27,8.85,76.3,14.3,15.02,67.63,1033.99,0
2022-01-20 23:00:00,RiverBasin_D,119.37,8.58,97.62,46.22,15.98,70.31,982.72,0
2022-01-21 00:00:00,RiverBasin_D,66.85,2.67,55.01,80.75,39.43,75.16,993.59,0
2022-01-21 01:00:00,RiverBasin_B,154.18,8.22,38.8,78.48,21.06,31.19,1017.56,1
2022-01-21 02:00:00,RiverBasin_A,21.32,5.12,76.39,29.07,31.58,97.23,1045.44,0
2022-01-21 03:00:00,RiverBasin_B,15.03,5.35,85.37,29.22,35.98,33.12,1038.45,0
2022-01-21 04:00:00,RiverBasin_A,145.64,2.2,63.71,79.47,28.77,40.01,1038.98,0
2022-01-21 05:00:00,RiverBasin_B,99.1,1.73,97.36,89.08,18.83,30.98,1001.22,0
2022-01-21 06:00:00,RiverBasin_C,137.68,7.55,24.13,18.11,33.2,69.68,1010.06,0
2022-01-21 07:00:00,RiverBasin_D,86.97,5.47,60.38,48.25,30.01,95.26,1012.95,0
2022-01-21 08:00:00,RiverBasin_A,49.28,4.93,77.48,38.68,33.28,76.62,991.02,0
2022-01-21 09:00:00,RiverBasin_A,163.82,7.57,89.01,84.01,34.24,87.59,982.17,1
2022-01-21 10:00:00,RiverBasin_D,159.88,7.89,34.34,17.1,39.39,30.93,1046.28,0
2022-01-21 11:00:00,RiverBasin_A,138.94,2.43,84.0,27.95,29.34,67.94,996.85,0
2022-01-21 12:00:00,RiverBasin_A,54.43,6.49,64.22,73.96,23.54,62.17,996.8,0
2022-01-21 13:00:00,RiverBasin_B,118.05,2.22,51.72,14.36,31.21,64.93,985.84,0
2022-01-21 14:00:00,RiverBasin_A,72.19,7.76,30.54,51.87,16.71,35.05,1045.0,0
2022-01-21 15:00:00,RiverBasin_C,18.32,6.91,89.22,47.58,37.43,77.91,1020.58,0
2022-01-21 16:00:00,RiverBasin_C,183.46,9.61,32.58,38.42,17.98,65.23,1026.69,0
2022-01-21 17:00:00,RiverBasin_D,27.36,1.62,44.78,43.54,23.2,83.56,1043.81,0
2022-01-21 18:00:00,RiverBasin_A,190.05,1.51,43.2,55.04,35.39,63.97,1004.19,0
2022-01-21 19:00:00,RiverBasin_D,89.2,3.54,89.71,23.72,29.93,40.46,1023.51,0
2022-01-21 20:00:00,RiverBasin_C,37.03,3.36,73.82,58.62,24.84,75.38,982.72,0
2022-01-21 21:00:00,RiverBasin_A,108.38,3.22,83.73,78.46,26.84,42.07,993.07,0
2022-01-21 22:00:00,RiverBasin_A,174.59,9.16,40.04,74.61,36.36,91.07,1038.19,1
2022-01-21 23:00:00,RiverBasin_D,146.44,3.25,69.99,23.08,23.5,72.92,1033.67,0
2022-01-22 00:00:00,RiverBasin_C,161.31,3.45,65.74,22.69,36.74,41.0,1004.54,0
2022-01-22 01:00:00,RiverBasin_A,131.76,7.83,86.63,32.79,17.2,97.36,1006.38,0
2022-01-22 02:00:00,RiverBasin_D,138.46,5.05,92.49,40.69,34.42,66.29,1017.35,0
2022-01-22 03:00:00,RiverBasin_C,169.84,7.99,20.97,44.72,36.19,35.1,980.02,0
2022-01-22 04:00:00,RiverBasin_D,49.93,1.59,73.92,67.77,19.55,73.88,996.89,0
2022-01-22 05:00:00,RiverBasin_B,97.88,5.39,24.15,14.82,25.76,47.72,994.58,0
2022-01-22 06:00:00,RiverBasin_A,44.24,1.3,63.91,12.95,19.14,86.26,997.53,0
2022-01-22 07:00:00,RiverBasin_B,197.53,1.56,43.01,43.31,32.67,87.25,1036.41,0
2022-01-22 08:00:00,RiverBasin_C,188.81,9.16,44.54,69.26,28.38,98.53,999.58,0
2022-01-22 09:00:00,RiverBasin_B,7.89,2.25,48.24,26.44,30.88,65.13,993.41,0
2022-01-22 10:00:00,RiverBasin_B,141.12,5.79,69.7,64.53,19.91,61.85,1015.3,0
2022-01-22 11:00:00,RiverBasin_C,185.05,4.7,46.72,32.09,20.29,82.74,1040.6,0
2022-01-22 12:00:00,RiverBasin_D,36.12,4.13,78.62,85.32,16.04,39.27,996.89,0
2022-01-22 13:00:00,RiverBasin_B,113.59,9.1,52.36,86.13,23.05,68.28,985.5,1
2022-01-22 14:00:00,RiverBasin_D,183.1,1.2,25.47,35.27,28.99,68.24,1004.95,0
2022-01-22 15:00:00,RiverBasin_B,6.79,6.97,82.7,29.55,36.45,36.26,1032.34,0
2022-01-22 16:00:00,RiverBasin_D,139.48,9.67,42.86,44.96,31.67,59.26,1018.55,0
2022-01-22 17:00:00,RiverBasin_C,59.47,6.04,54.62,30.45,25.88,89.73,1037.18,0
2022-01-22 18:00:00,RiverBasin_B,184.88,9.43,74.84,67.15,38.83,89.93,1047.17,0
2022-01-22 19:00:00,RiverBasin_C,194.21,1.47,46.6,80.22,32.98,36.95,1035.49,0
2022-01-22 20:00:00,RiverBasin_B,188.85,4.77,24.53,67.21,38.25,36.35,1022.27,0
2022-01-22 21:00:00,RiverBasin_C,94.84,3.34,49.91,80.07,28.19,48.39,1014.53,0
2022-01-22 22:00:00,RiverBasin_C,172.41,7.58,95.56,43.74,21.47,91.23,982.8,0
2022-01-22 23:00:00,RiverBasin_B,168.91,9.83,71.34,23.29,16.32,39.02,1048.9,0
2022-01-23 00:00:00,RiverBasin_B,63.82,3.31,73.72,72.73,33.15,80.4,1006.84,0
2022-01-23 01:00:00,RiverBasin_B,165.78,6.89,70.58,40.64,18.03,37.08,990.66,0
2022-01-23 02:00:00,RiverBasin_A,7.4,2.78,35.92,67.06,22.57,73.62,1026.67,0
2022-01-23 03:00:00,RiverBasin_D,119.25,6.09,53.47,33.0,28.31,54.92,999.9,0
2022-01-23 04:00:00,RiverBasin_A,46.0,5.18,80.08,16.9,29.11,85.22,1021.0,0
2022-01-23 05:00:00,RiverBasin_A,24.11,9.75,28.11,94.37,30.01,46.36,1021.07,0
2022-01-23 06:00:00,RiverBasin_C,15.39,6.48,42.23,23.28,19.16,74.74,1011.2,0
2022-01-23 07:00:00,RiverBasin_B,139.26,4.15,42.11,94.02,24.49,46.5,1038.53,0
2022-01-23 08:00:00,RiverBasin_D,67.97,2.03,54.56,93.07,30.43,79.96,998.55,0
2022-01-23 09:00:00,RiverBasin_C,144.95,2.36,98.43,77.47,39.25,91.16,1011.4,0
2022-01-23 10:00:00,RiverBasin_A,13.07,3.03,25.4,66.05,33.19,38.88,1017.64,0
2022-01-23 11:00:00,RiverBasin_B,63.06,3.26,61.5,59.11,38.07,90.66,1026.45,0
2022-01-23 12:00:00,RiverBasin_C,107.9,8.66,34.35,83.62,34.06,71.55,1034.88,1
2022-01-23 13:00:00,RiverBasin_B,158.14,6.05,97.65,34.6,29.79,38.9,1007.64,0
2022-01-23 14:00:00,RiverBasin_C,63.75,5.71,29.06,49.75,19.8,59.93,1025.22,0
2022-01-23 15:00:00,RiverBasin_B,125.18,2.03,52.29,62.65,31.67,41.26,990.54,0
2022-01-23 16:00:00,RiverBasin_A,177.2,8.74,79.03,44.95,30.58,79.02,1045.29,0
2022-01-23 17:00:00,RiverBasin_D,123.17,7.51,76.36,46.34,30.06,83.12,1006.81,0
2022-01-23 18:00:00,RiverBasin_A,46.59,1.61,53.82,38.07,27.24,37.41,1031.07,0
2022-01-23 19:00:00,RiverBasin_D,4.88,7.37,47.72,57.96,28.22,65.43,981.42,0
2022-01-23 20:00:00,RiverBasin_B,174.02,5.89,51.81,82.3,23.36,87.02,994.36,0
2022-01-23 21:00:00,RiverBasin_C,4.25,1.74,41.14,27.13,27.98,95.53,1014.1,0
2022-01-23 22:00:00,RiverBasin_A,174.94,5.12,36.43,89.43,19.94,65.95,1041.48,0
2022-01-23 23:00:00,RiverBasin_D,105.79,5.36,58.64,68.57,35.13,96.52,1016.91,0
2022-01-24 00:00:00,RiverBasin_A,187.81,2.49,41.48,79.98,19.64,67.5,1045.09,0
2022-01-24 01:00:00,RiverBasin_D,159.76,9.51,43.0,57.28,17.12,57.59,1013.87,0
2022-01-24 02:00:00,RiverBasin_A,199.59,8.65,72.54,76.26,25.91,89.37,1014.33,1
2022-01-24 03:00:00,RiverBasin_D,70.14,7.02,97.48,11.38,31.46,64.51,988.38,0
2022-01-24 04:00:00,RiverBasin_D,153.44,5.16,68.29,79.56,25.94,63.03,1036.19,0
2022-01-24 05:00:00,RiverBasin_B,80.39,4.71,26.16,13.41,21.92,64.32,997.29,0
2022-01-24 06:00:00,RiverBasin_D,95.98,6.86,26.05,85.64,28.95,89.27,1042.97,0
2022-01-24 07:00:00,RiverBasin_B,125.5,5.91,96.11,94.32,23.68,88.24,1043.76,0
2022-01-24 08:00:00,RiverBasin_D,174.74,1.56,43.78,35.0,38.32,58.25,1046.03,0
2022-01-24 09:00:00,RiverBasin_C,196.82,5.61,27.37,27.88,38.07,53.33,1016.42,0
2022-01-24 10:00:00,RiverBasin_C,153.65,8.26,67.92,75.06,27.56,64.43,1027.4,1
2022-01-24 11:00:00,RiverBasin_C,83.55,5.13,69.89,31.51,23.2,70.09,1034.5,0
2022-01-24 12:00:00,RiverBasin_D,84.27,1.47,71.88,83.57,33.43,46.68,989.17,0
2022-01-24 13:00:00,RiverBasin_B,147.52,8.08,41.39,18.74,15.92,85.58,1022.07,0
2022-01-24 14:00:00,RiverBasin_B,47.76,2.81,21.21,20.71,26.87,64.05,982.4,0
2022-01-24 15:00:00,RiverBasin_D,22.09,3.33,97.2,93.23,23.41,53.38,1014.83,0
2022-01-24 16:00:00,RiverBasin_C,70.92,2.48,40.07,67.28,38.01,37.48,990.84,0
2022-01-24 17:00:00,RiverBasin_C,57.45,3.97,74.08,81.99,15.3,46.72,992.8,0
2022-01-24 18:00:00,RiverBasin_B,59.26,7.81,76.53,37.57,28.82,96.45,1005.55,0
2022-01-24 19:00:00,RiverBasin_C,46.72,5.67,68.8,67.5,33.52,51.36,1010.27,0
2022-01-24 20:00:00,RiverBasin_A,8.42,2.84,45.03,60.51,27.13,41.82,1023.62,0
2022-01-24 21:00:00,RiverBasin_B,3.57,8.9,41.69,61.27,17.14,62.25,985.21,0
2022-01-24 22:00:00,RiverBasin_C,197.54,8.92,67.81,68.02,39.31,51.5,1015.26,0
2022-01-24 23:00:00,RiverBasin_B,85.55,8.84,89.29,58.91,27.95,32.46,992.78,0
2022-01-25 00:00:00,RiverBasin_A,76.87,3.15,95.74,46.47,30.35,52.62,1020.18,0
2022-01-25 01:00:00,RiverBasin_B,135.93,5.06,28.47,33.45,20.92,68.09,1024.62,0
2022-01-25 02:00:00,RiverBasin_B,43.65,9.86,32.39,75.33,27.09,68.62,1018.97,0
2022-01-25 03:00:00,RiverBasin_B,189.99,7.95,95.58,29.23,25.73,54.96,1031.68,0
2022-01-25 04:00:00,RiverBasin_B,157.27,1.24,78.92,68.85,16.87,61.31,1003.49,0
2022-01-25 05:00:00,RiverBasin_A,17.88,1.59,90.64,29.83,17.65,97.59,1033.56,0
2022-01-25 06:00:00,RiverBasin_D,83.52,5.18,36.21,63.15,35.94,56.41,1010.29,0
2022-01-25 07:00:00,RiverBasin_B,175.82,9.18,67.01,73.5,21.0,48.08,1013.89,1
2022-01-25 08:00:00,RiverBasin_B,188.95,5.85,76.09,28.59,19.87,47.04,1025.37,0
2022-01-25 09:00:00,RiverBasin_C,93.48,5.48,74.41,15.1,27.62,62.04,981.29,0
2022-01-25 10:00:00,RiverBasin_B,122.68,1.95,52.65,21.13,34.22,83.17,1025.78,0
2022-01-25 11:00:00,RiverBasin_C,33.41,6.91,21.23,61.51,16.55,44.42,1023.3,0
2022-01-25 12:00:00,RiverBasin_D,198.23,8.4,66.63,82.2,29.42,79.65,1001.69,1
2022-01-25 13:00:00,RiverBasin_A,46.33,4.42,40.25,13.82,17.98,31.48,986.01,0
2022-01-25 14:00:00,RiverBasin_A,188.55,7.98,56.02,72.4,15.91,59.33,986.37,1
2022-01-25 15:00:00,RiverBasin_D,129.93,9.68,96.61,39.01,16.32,84.31,1044.63,0
2022-01-25 16:00:00,RiverBasin_A,121.55,2.83,51.92,50.67,35.85,53.71,1028.25,0
2022-01-25 17:00:00,RiverBasin_D,102.54,5.71,87.18,88.95,17.95,69.46,988.9,0
2022-01-25 18:00:00,RiverBasin_D,46.13,3.58,35.08,38.22,16.13,44.35,1004.97,0
2022-01-25 19:00:00,RiverBasin_D,35.31,8.14,73.8,49.55,25.95,81.94,1021.47,0
2022-01-25 20:00:00,RiverBasin_A,44.1,6.2,98.16,11.16,36.1,33.66,1038.49,0
2022-01-25 21:00:00,RiverBasin_C,37.29,6.71,28.15,16.94,21.56,89.68,983.06,0
2022-01-25 22:00:00,RiverBasin_D,155.92,8.18,20.67,31.98,25.54,43.87,996.56,0
2022-01-25 23:00:00,RiverBasin_B,70.03,4.56,54.69,12.37,16.0,91.21,1042.28,0
2022-01-26 00:00:00,RiverBasin_A,11.57,9.24,27.41,63.67,26.23,54.68,980.64,0
2022-01-26 01:00:00,RiverBasin_D,193.82,5.8,79.87,46.24,29.44,80.59,994.1,0
2022-01-26 02:00:00,RiverBasin_D,176.76,2.42,93.16,56.59,29.27,52.35,1047.13,0
2022-01-26 03:00:00,RiverBasin_B,185.55,7.26,54.72,24.85,23.31,93.41,1022.94,0
2022-01-26 04:00:00,RiverBasin_C,198.98,8.14,40.7,35.15,22.89,38.86,998.32,0
2022-01-26 05:00:00,RiverBasin_C,34.78,3.85,54.75,66.43,17.67,42.5,984.69,0
2022-01-26 06:00:00,RiverBasin_C,79.25,8.71,77.88,92.05,24.17,64.51,981.97,0
2022-01-26 07:00:00,RiverBasin_D,151.65,9.16,20.72,14.29,17.49,35.74,997.13,0
2022-01-26 08:00:00,RiverBasin_D,139.2,3.49,67.16,85.68,34.16,43.72,1041.7,0
2022-01-26 09:00:00,RiverBasin_D,30.78,9.85,69.06,59.03,39.16,96.06,1009.11,0
2022-01-26 10:00:00,RiverBasin_A,163.17,2.27,71.02,57.93,39.25,98.35,1030.42,0
2022-01-26 11:00:00,RiverBasin_B,44.89,2.82,39.36,52.52,36.63,56.34,1044.28,0
2022-01-26 12:00:00,RiverBasin_D,44.76,2.66,77.12,15.9,30.02,94.63,1008.56,0
2022-01-26 13:00:00,RiverBasin_B,107.39,9.05,27.31,17.64,32.52,68.14,993.39,0
2022-01-26 14:00:00,RiverBasin_B,118.59,6.89,35.94,61.08,22.13,48.88,1016.2,0
2022-01-26 15:00:00,RiverBasin_C,116.02,2.37,90.2,38.98,30.77,79.17,1043.57,0
2022-01-26 16:00:00,RiverBasin_A,18.3,4.96,79.1,87.97,26.39,76.12,1036.31,0
2022-01-26 17:00:00,RiverBasin_D,175.49,6.54,21.1,44.56,27.05,99.24,984.61,0
2022-01-26 18:00:00,RiverBasin_C,53.12,1.75,39.87,22.18,33.94,48.55,1028.48,0
2022-01-26 19:00:00,RiverBasin_C,25.9,8.94,37.15,70.75,22.05,77.04,1020.03,0
2022-01-26 20:00:00,RiverBasin_D,177.75,8.23,41.66,34.94,22.95,33.64,1043.52,0
2022-01-26 21:00:00,RiverBasin_B,191.13,5.55,39.8,54.66,38.12,37.96,988.57,0
2022-01-26 22:00:00,RiverBasin_C,172.43,9.7,25.0,69.32,16.41,30.27,1017.38,0
2022-01-26 23:00:00,RiverBasin_B,161.9,4.76,56.72,86.52,27.14,99.96,1041.56,0
2022-01-27 00:00:00,RiverBasin_A,131.05,9.86,78.62,77.34,37.82,86.16,1008.7,1
2022-01-27 01:00:00,RiverBasin_B,110.17,7.01,68.54,67.49,30.26,85.07,1013.74,0
2022-01-27 02:00:00,RiverBasin_A,17.4,6.71,73.83,67.77,28.66,65.68,984.93,0
2022-01-27 03:00:00,RiverBasin_B,81.69,2.49,26.49,90.4,21.24,51.0,999.47,0
2022-01-27 04:00:00,RiverBasin_C,74.54,8.94,96.12,35.15,23.58,40.59,1002.72,0
2022-01-27 05:00:00,RiverBasin_C,51.95,4.85,87.08,10.09,36.3,49.93,1046.16,0
2022-01-27 06:00:00,RiverBasin_A,144.68,2.46,84.41,33.12,28.98,56.32,999.79,0
2022-01-27 07:00:00,RiverBasin_D,99.18,1.11,85.84,28.52,27.87,82.94,1012.26,0
2022-01-27 08:00:00,RiverBasin_A,16.21,6.04,94.62,66.26,17.49,67.78,1026.99,0
2022-01-27 09:00:00,RiverBasin_A,44.04,5.75,63.54,63.87,15.4,35.42,991.35,0
2022-01-27 10:00:00,RiverBasin_B,136.65,7.47,36.02,60.44,39.09,31.26,1014.05,0
2022-01-27 11:00:00,RiverBasin_B,15.23,9.01,69.34,11.38,24.42,37.16,1031.7,0
2022-01-27 12:00:00,RiverBasin_A,170.24,1.71,79.43,71.95,30.08,58.73,1040.68,0
2022-01-27 13:00:00,RiverBasin_C,99.03,7.58,79.03,37.5,16.99,95.32,1023.84,0
2022-01-27 14:00:00,RiverBasin_B,96.12,2.69,61.72,66.53,32.08,74.62,1026.83,0
2022-01-27 15:00:00,RiverBasin_D,118.48,8.72,25.48,57.31,38.31,86.13,988.84,0
2022-01-27 16:00:00,RiverBasin_B,164.94,8.37,49.69,39.13,29.39,62.65,1046.2,0
2022-01-27 17:00:00,RiverBasin_B,69.56,5.87,93.66,21.44,18.15,55.32,989.28,0
2022-01-27 18:00:00,RiverBasin_D,135.6,7.39,66.76,18.03,29.54,37.59,1034.23,0
2022-01-27 19:00:00,RiverBasin_A,113.15,3.83,63.07,80.68,34.16,91.32,998.54,0
2022-01-27 20:00:00,RiverBasin_D,53.41,5.24,41.51,88.06,25.16,84.82,1045.35,0
2022-01-27 21:00:00,RiverBasin_A,175.73,8.39,49.48,65.23,37.0,41.77,1030.4,0
2022-01-27 22:00:00,RiverBasin_A,159.49,5.13,91.63,18.79,31.22,65.86,1032.77,0
2022-01-27 23:00:00,RiverBasin_A,131.69,4.22,73.32,44.17,37.48,64.12,995.33,0
2022-01-28 00:00:00,RiverBasin_D,170.12,5.45,82.99,71.96,30.59,73.76,1011.01,0
2022-01-28 01:00:00,RiverBasin_A,173.46,8.45,56.35,76.28,18.28,96.23,1023.25,1
2022-01-28 02:00:00,RiverBasin_C,141.67,4.02,70.42,20.05,22.74,70.58,1033.9,0
2022-01-28 03:00:00,RiverBasin_D,167.4,2.56,39.87,10.0,20.04,67.82,987.28,0
2022-01-28 04:00:00,RiverBasin_C,139.49,7.41,76.44,70.53,37.72,33.52,1047.37,1
2022-01-28 05:00:00,RiverBasin_A,136.03,8.43,54.21,40.31,34.01,34.4,1042.32,0
2022-01-28 06:00:00,RiverBasin_B,123.72,1.91,55.4,31.63,31.91,43.11,998.92,0
2022-01-28 07:00:00,RiverBasin_A,150.54,3.16,71.95,11.1,22.52,32.27,1037.59,0
2022-01-28 08:00:00,RiverBasin_C,31.72,2.28,94.9,55.93,19.6,82.03,1016.28,0
2022-01-28 09:00:00,RiverBasin_C,176.17,4.13,25.12,82.35,33.91,80.63,1012.33,0
2022-01-28 10:00:00,RiverBasin_D,174.37,5.05,85.98,91.4,26.85,39.52,1002.01,0
2022-01-28 11:00:00,RiverBasin_B,5.85,7.74,43.39,58.09,20.64,88.53,1020.67,0
2022-01-28 12:00:00,RiverBasin_D,165.16,6.86,55.51,53.73,30.42,40.84,1031.09,0
2022-01-28 13:00:00,RiverBasin_C,25.77,6.59,21.75,17.23,16.01,51.08,1008.77,0
2022-01-28 14:00:00,RiverBasin_A,67.02,4.17,44.08,56.65,23.15,47.43,1024.05,0
2022-01-28 15:00:00,RiverBasin_B,148.7,8.57,60.21,42.3,26.71,56.06,1028.95,0
2022-01-28 16:00:00,RiverBasin_A,32.15,5.24,24.49,61.61,18.7,47.83,1029.78,0
2022-01-28 17:00:00,RiverBasin_A,163.59,9.81,59.29,43.04,39.62,64.23,983.64,0
2022-01-28 18:00:00,RiverBasin_B,166.43,6.71,94.17,30.43,20.23,58.52,1040.18,0
2022-01-28 19:00:00,RiverBasin_D,101.49,2.14,28.43,18.07,18.26,99.06,1012.08,0
2022-01-28 20:00:00,RiverBasin_A,1.28,7.09,81.16,36.77,20.09,33.91,998.37,0
2022-01-28 21:00:00,RiverBasin_C,57.41,3.93,52.77,18.21,34.23,39.95,996.92,0
2022-01-28 22:00:00,RiverBasin_A,123.39,7.18,72.41,25.04,25.64,33.7,1013.81,0
2022-01-28 23:00:00,RiverBasin_B,196.24,1.63,40.82,93.92,29.14,73.81,1042.08,0
2022-01-29 00:00:00,RiverBasin_B,126.36,2.57,32.76,47.75,15.53,33.82,1006.48,0
2022-01-29 01:00:00,RiverBasin_B,51.96,8.7,32.84,55.21,15.86,88.55,1032.48,0
2022-01-29 02:00:00,RiverBasin_D,126.8,3.04,25.64,84.26,26.15,65.84,986.78,0
2022-01-29 03:00:00,RiverBasin_A,108.0,8.53,34.85,94.62,35.42,66.89,1013.32,1
2022-01-29 04:00:00,RiverBasin_D,155.97,3.51,73.14,59.53,37.13,69.31,1049.42,0
2022-01-29 05:00:00,RiverBasin_D,21.4,6.79,90.54,79.06,17.17,41.96,1033.93,0
2022-01-29 06:00:00,RiverBasin_B,152.21,7.25,85.13,37.79,28.46,43.84,994.74,0
2022-01-29 07:00:00,RiverBasin_B,108.25,5.61,74.81,35.99,37.83,52.32,1015.1,0
2022-01-29 08:00:00,RiverBasin_D,192.6,3.75,28.83,44.23,24.7,71.54,996.35,0
2022-01-29 09:00:00,RiverBasin_A,68.37,2.91,43.13,67.16,35.74,44.71,1008.67,0
2022-01-29 10:00:00,RiverBasin_C,126.52,1.3,44.78,67.99,18.34,38.14,1034.61,0
2022-01-29 11:00:00,RiverBasin_D,186.41,3.74,40.0,36.8,38.38,97.91,1033.99,0
2022-01-29 12:00:00,RiverBasin_A,20.5,6.88,61.2,21.32,33.79,31.54,995.97,0
2022-01-29 13:00:00,RiverBasin_B,187.45,9.44,62.84,63.75,38.53,86.19,1044.56,0
2022-01-29 14:00:00,RiverBasin_B,137.58,8.84,48.55,20.91,31.92,85.16,1021.48,0
2022-01-29 15:00:00,RiverBasin_A,13.57,7.89,48.3,59.17,24.09,50.8,1006.59,0
2022-01-29 16:00:00,RiverBasin_C,60.19,8.1,86.28,68.94,38.45,39.49,1015.14,0
2022-01-29 17:00:00,RiverBasin_B,141.63,6.98,83.14,69.55,21.89,40.19,1022.35,0
2022-01-29 18:00:00,RiverBasin_B,13.47,3.34,44.62,74.05,23.3,78.82,1019.19,0
2022-01-29 19:00:00,RiverBasin_B,116.43,9.16,93.1,84.19,32.52,75.0,1014.05,1
2022-01-29 20:00:00,RiverBasin_A,69.18,7.04,96.23,52.5,34.13,84.79,1015.35,0
2022-01-29 21:00:00,RiverBasin_D,124.18,6.04,46.14,72.07,38.24,95.62,992.35,0
2022-01-29 22:00:00,RiverBasin_B,9.15,2.0,48.35,62.63,20.12,78.43,1036.89,0
2022-01-29 23:00:00,RiverBasin_D,174.31,5.02,60.45,25.86,34.95,40.91,1017.92,0
2022-01-30 00:00:00,RiverBasin_C,194.7,5.14,95.29,12.18,33.46,47.04,989.18,0
2022-01-30 01:00:00,RiverBasin_B,193.78,8.78,90.11,34.19,16.59,88.95,1033.63,0
2022-01-30 02:00:00,RiverBasin_B,149.93,5.92,28.21,47.66,24.68,44.65,1045.27,0
2022-01-30 03:00:00,RiverBasin_C,26.02,4.42,51.42,62.45,22.07,35.08,1046.31,0
2022-01-30 04:00:00,RiverBasin_B,151.65,9.79,64.27,82.25,22.61,79.23,1005.83,1
2022-01-30 05:00:00,RiverBasin_D,4.92,2.0,60.25,26.68,39.57,58.18,989.49,0
2022-01-30 06:00:00,RiverBasin_A,4.42,4.8,35.51,20.67,31.07,94.4,1016.29,0
2022-01-30 07:00:00,RiverBasin_D,64.72,1.38,88.71,91.9,32.94,75.52,987.88,0
2022-01-30 08:00:00,RiverBasin_A,97.73,7.66,74.16,19.18,39.42,36.33,1045.38,0
2022-01-30 09:00:00,RiverBasin_A,154.08,9.26,87.03,50.67,24.43,96.35,992.85,0
2022-01-30 10:00:00,RiverBasin_D,136.66,3.52,88.7,59.77,35.05,48.1,997.69,0
2022-01-30 11:00:00,RiverBasin_D,89.18,8.73,79.87,56.02,25.86,53.6,1008.46,0
2022-01-30 12:00:00,RiverBasin_D,54.73,3.63,55.14,17.31,36.74,58.16,1006.82,0
2022-01-30 13:00:00,RiverBasin_D,199.42,9.2,68.84,14.85,19.52,33.59,1035.63,0
2022-01-30 14:00:00,RiverBasin_C,85.24,7.79,32.83,18.97,38.69,64.76,1011.94,0
2022-01-30 15:00:00,RiverBasin_B,90.28,8.24,73.89,59.77,20.47,38.63,991.95,0
2022-01-30 16:00:00,RiverBasin_A,32.72,1.16,34.34,56.27,23.16,58.07,998.7,0
2022-01-30 17:00:00,RiverBasin_D,158.96,9.67,75.52,29.87,33.9,54.55,1015.64,0
2022-01-30 18:00:00,RiverBasin_D,138.74,7.54,38.37,64.21,24.84,84.1,990.32,0
2022-01-30 19:00:00,RiverBasin_D,44.15,3.74,29.4,79.71,30.21,86.22,1022.82,0
2022-01-30 20:00:00,RiverBasin_C,16.48,8.46,33.22,13.53,26.11,40.74,1019.6,0
2022-01-30 21:00:00,RiverBasin_D,136.1,3.53,20.16,52.34,33.56,55.66,1030.03,0
2022-01-30 22:00:00,RiverBasin_D,130.9,8.85,77.5,68.59,20.71,56.13,1045.64,0
2022-01-30 23:00:00,RiverBasin_D,54.65,2.01,78.59,31.45,16.46,40.6,1043.86,0
2022-01-31 00:00:00,RiverBasin_B,190.17,7.33,61.19,36.16,22.5,85.89,1046.23,0
2022-01-31 01:00:00,RiverBasin_C,30.21,5.87,32.91,62.16,26.86,79.51,997.13,0
2022-01-31 02:00:00,RiverBasin_D,86.47,1.87,26.68,86.32,19.2,43.33,989.21,0
2022-01-31 03:00:00,RiverBasin_A,188.72,3.18,21.53,78.84,23.87,55.67,1001.16,0
2022-01-31 04:00:00,RiverBasin_A,83.95,1.11,33.26,59.57,25.0,37.41,1042.66,0
2022-01-31 05:00:00,RiverBasin_A,127.71,5.22,91.27,72.07,16.43,73.97,1048.04,0
2022-01-31 06:00:00,RiverBasin_C,79.52,3.71,39.32,41.01,29.58,38.5,1040.15,0
2022-01-31 07:00:00,RiverBasin_C,54.84,6.39,48.34,64.48,37.11,99.02,987.7,0
2022-01-31 08:00:00,RiverBasin_A,196.8,3.68,28.43,49.63,18.79,84.65,1046.32,0
2022-01-31 09:00:00,RiverBasin_D,81.87,3.7,37.79,26.14,29.95,57.32,1009.64,0
2022-01-31 10:00:00,RiverBasin_C,178.82,7.69,61.54,69.65,31.62,70.5,980.65,0
2022-01-31 11:00:00,RiverBasin_A,45.99,1.43,68.62,57.3,25.48,93.79,1010.97,0
2022-01-31 12:00:00,RiverBasin_A,42.62,9.13,39.63,40.48,32.53,68.79,983.22,0
2022-01-31 13:00:00,RiverBasin_D,6.23,8.67,24.62,87.46,25.27,42.21,1018.07,0
2022-01-31 14:00:00,RiverBasin_B,130.33,7.01,51.28,11.78,27.62,56.51,1003.7,0
2022-01-31 15:00:00,RiverBasin_C,73.71,6.34,38.74,36.84,15.18,89.02,1013.14,0
2022-01-31 16:00:00,RiverBasin_D,172.87,9.03,37.56,14.83,32.29,75.09,1022.92,0
2022-01-31 17:00:00,RiverBasin_A,94.64,2.67,96.79,75.15,31.53,75.55,1040.82,0
2022-01-31 18:00:00,RiverBasin_A,193.64,1.71,69.3,69.68,15.96,90.68,1026.33,0
2022-01-31 19:00:00,RiverBasin_D,37.11,3.16,64.55,38.16,24.21,92.58,1010.38,0
2022-01-31 20:00:00,RiverBasin_C,173.72,8.15,53.26,67.43,39.48,94.39,1037.36,0
2022-01-31 21:00:00,RiverBasin_B,155.32,1.31,54.32,43.65,25.52,36.64,1043.39,0
2022-01-31 22:00:00,RiverBasin_B,154.18,6.25,63.27,74.28,27.55,68.09,988.38,0
2022-01-31 23:00:00,RiverBasin_A,168.96,9.96,75.71,48.61,37.75,81.84,1017.24,0
2022-02-01 00:00:00,RiverBasin_C,152.2,8.7,76.17,45.04,32.93,82.98,999.92,0
2022-02-01 01:00:00,RiverBasin_B,125.24,5.69,33.74,89.45,29.55,72.47,983.29,0
2022-02-01 02:00:00,RiverBasin_C,26.25,1.57,60.01,31.32,34.95,41.68,1026.8,0
2022-02-01 03:00:00,RiverBasin_C,6.51,8.48,52.96,20.24,36.61,85.82,1040.39,0
2022-02-01 04:00:00,RiverBasin_A,184.17,6.39,89.64,59.69,26.42,80.41,991.4,0
2022-02-01 05:00:00,RiverBasin_B,123.33,2.03,70.51,92.39,26.88,36.03,1036.87,0
2022-02-01 06:00:00,RiverBasin_D,159.31,1.84,62.6,42.12,24.65,62.47,1039.74,0
2022-02-01 07:00:00,RiverBasin_A,96.3,9.19,29.23,15.27,39.17,42.18,1044.0,0
2022-02-01 08:00:00,RiverBasin_B,23.46,7.02,68.45,38.84,32.43,53.62,998.57,0
2022-02-01 09:00:00,RiverBasin_B,25.04,8.46,29.38,53.0,17.08,31.27,1043.28,0
2022-02-01 10:00:00,RiverBasin_B,137.11,8.91,46.98,23.76,36.57,58.02,1002.45,0
2022-02-01 11:00:00,RiverBasin_B,86.06,6.15,31.43,65.94,27.01,68.49,1018.66,0
2022-02-01 12:00:00,RiverBasin_B,40.1,5.66,75.37,94.81,16.72,73.37,983.54,0
2022-02-01 13:00:00,RiverBasin_C,98.32,4.87,36.5,48.4,28.74,76.44,983.07,0
2022-02-01 14:00:00,RiverBasin_A,12.84,3.85,51.35,40.15,25.43,88.54,1030.43,0
2022-02-01 15:00:00,RiverBasin_C,116.39,4.91,91.65,44.06,36.94,45.08,1011.11,0
2022-02-01 16:00:00,RiverBasin_D,53.8,7.96,36.35,19.79,20.1,38.43,997.94,0
2022-02-01 17:00:00,RiverBasin_B,159.51,6.42,60.62,85.08,35.66,89.61,993.33,0
2022-02-01 18:00:00,RiverBasin_A,62.07,9.03,53.54,45.26,28.94,40.96,1026.9,0
2022-02-01 19:00:00,RiverBasin_B,91.04,4.99,21.45,42.92,16.37,98.23,980.03,0
2022-02-01 20:00:00,RiverBasin_A,2.32,6.46,83.42,66.07,39.3,88.98,1036.41,0
2022-02-01 21:00:00,RiverBasin_C,14.49,6.68,25.52,47.57,27.82,65.06,985.55,0
2022-02-01 22:00:00,RiverBasin_A,78.5,6.33,57.94,65.1,22.27,98.7,993.4,0
2022-02-01 23:00:00,RiverBasin_D,95.99,7.32,64.85,15.22,26.74,36.82,1007.04,0
2022-02-02 00:00:00,RiverBasin_D,120.0,3.14,70.27,79.17,36.45,51.21,1013.94,0
2022-02-02 01:00:00,RiverBasin_A,58.33,5.61,75.09,89.94,22.62,74.68,1004.85,0
2022-02-02 02:00:00,RiverBasin_A,139.0,1.94,40.26,65.15,19.82,54.5,1002.45,0
2022-02-02 03:00:00,RiverBasin_A,172.02,4.46,20.8,91.14,18.23,94.99,1047.47,0
2022-02-02 04:00:00,RiverBasin_A,155.97,5.39,77.88,22.87,22.45,34.59,1024.91,0
2022-02-02 05:00:00,RiverBasin_D,7.92,6.87,62.85,50.58,34.5,68.46,981.64,0
2022-02-02 06:00:00,RiverBasin_B,96.1,9.55,86.89,61.15,26.79,71.36,1010.11,0
2022-02-02 07:00:00,RiverBasin_A,20.99,6.41,85.71,59.45,20.69,75.69,1041.25,0
2022-02-02 08:00:00,RiverBasin_A,48.41,7.69,87.47,44.12,19.15,47.9,1001.1,0
2022-02-02 09:00:00,RiverBasin_D,197.33,5.56,58.81,38.74,23.32,55.52,986.62,0
2022-02-02 10:00:00,RiverBasin_D,28.5,6.71,46.69,20.78,38.5,89.06,1033.09,0
2022-02-02 11:00:00,RiverBasin_C,99.78,1.64,83.32,43.3,23.58,43.65,1022.42,0
2022-02-02 12:00:00,RiverBasin_A,123.63,3.29,56.1,23.83,39.7,87.88,1019.92,0
2022-02-02 13:00:00,RiverBasin_C,140.49,4.26,34.68,72.42,27.13,69.39,983.75,0
2022-02-02 14:00:00,RiverBasin_D,111.93,5.25,88.4,27.75,19.48,83.35,989.83,0
2022-02-02 15:00:00,RiverBasin_D,1.95,1.41,90.6,14.98,37.28,79.95,1023.58,0
2022-02-02 16:00:00,RiverBasin_B,65.29,2.26,57.3,56.95,26.51,44.53,994.55,0
2022-02-02 17:00:00,RiverBasin_A,103.54,3.49,26.06,60.59,32.74,69.82,1015.28,0
2022-02-02 18:00:00,RiverBasin_C,17.57,9.74,51.03,84.11,39.59,90.74,1018.14,0
2022-02-02 19:00:00,RiverBasin_D,70.13,3.98,84.28,59.04,16.25,60.25,999.85,0
2022-02-02 20:00:00,RiverBasin_D,6.64,5.34,92.14,39.37,17.42,97.66,1046.39,0
2022-02-02 21:00:00,RiverBasin_C,15.72,2.76,36.28,78.26,33.01,61.66,1038.97,0
2022-02-02 22:00:00,RiverBasin_B,79.38,6.5,25.36,55.92,22.05,39.99,1030.57,0
2022-02-02 23:00:00,RiverBasin_D,26.54,3.53,90.19,16.74,19.61,57.26,985.46,0
2022-02-03 00:00:00,RiverBasin_A,113.51,2.86,51.15,58.1,15.98,96.62,987.43,0
2022-02-03 01:00:00,RiverBasin_D,137.89,5.65,63.34,87.18,15.55,52.38,1014.49,0
2022-02-03 02:00:00,RiverBasin_A,160.12,1.05,97.45,43.69,34.36,90.77,991.25,0
2022-02-03 03:00:00,RiverBasin_C,40.03,1.07,25.33,35.19,18.36,91.69,1048.48,0
2022-02-03 04:00:00,RiverBasin_A,33.5,2.97,71.87,22.19,26.69,54.51,991.1,0
2022-02-03 05:00:00,RiverBasin_C,20.91,1.33,25.93,22.87,30.15,35.83,1014.12,0
2022-02-03 06:00:00,RiverBasin_A,127.29,1.97,50.04,46.79,25.71,80.72,1005.49,0
2022-02-03 07:00:00,RiverBasin_C,141.3,4.05,84.31,60.63,15.68,51.81,1024.76,0
2022-02-03 08:00:00,RiverBasin_A,6.32,8.22,54.68,16.85,34.59,84.8,989.03,0
2022-02-03 09:00:00,RiverBasin_B,187.24,6.15,99.77,89.86,15.26,60.99,1010.12,0
2022-02-03 10:00:00,RiverBasin_A,10.39,5.61,64.72,74.19,34.05,63.97,999.23,0
2022-02-03 11:00:00,RiverBasin_A,108.26,3.64,45.69,59.86,37.33,84.45,1042.14,0
2022-02-03 12:00:00,RiverBasin_B,141.81,9.39,37.61,80.42,25.82,56.77,982.84,1
2022-02-03 13:00:00,RiverBasin_D,174.19,4.57,48.04,16.82,28.39,61.02,1043.96,0
2022-02-03 14:00:00,RiverBasin_D,142.82,1.78,49.8,50.53,26.92,56.33,1038.31,0
2022-02-03 15:00:00,RiverBasin_A,160.35,6.55,25.5,63.56,24.73,55.71,1000.83,0
2022-02-03 16:00:00,RiverBasin_B,67.89,2.02,49.57,80.44,37.19,66.82,1035.25,0
2022-02-03 17:00:00,RiverBasin_A,162.97,4.11,57.14,76.59,37.35,86.62,982.18,0
2022-02-03 18:00:00,RiverBasin_C,16.02,5.57,77.82,33.55,23.4,55.32,1047.68,0
2022-02-03 19:00:00,RiverBasin_C,178.96,8.87,72.54,89.97,30.38,66.7,1016.86,1
2022-02-03 20:00:00,RiverBasin_A,109.52,5.44,76.7,20.57,38.17,76.95,1001.23,0
2022-02-03 21:00:00,RiverBasin_D,163.46,7.32,20.67,84.39,39.05,48.86,1005.38,1
2022-02-03 22:00:00,RiverBasin_D,90.46,9.94,37.41,92.53,27.72,49.43,984.65,0
2022-02-03 23:00:00,RiverBasin_A,128.72,2.18,72.93,25.06,26.32,95.34,1049.25,0
2022-02-04 00:00:00,RiverBasin_A,105.28,3.47,58.72,71.38,21.97,80.65,982.75,0
2022-02-04 01:00:00,RiverBasin_C,146.32,4.55,20.43,13.42,38.97,70.4,1025.84,0
2022-02-04 02:00:00,RiverBasin_D,16.33,4.8,84.36,44.46,18.57,75.34,1010.99,0
2022-02-04 03:00:00,RiverBasin_A,12.07,4.7,81.82,53.88,29.5,32.05,1046.42,0
2022-02-04 04:00:00,RiverBasin_C,49.42,9.17,63.87,59.35,22.06,73.27,997.22,0
2022-02-04 05:00:00,RiverBasin_D,31.91,7.43,25.32,89.55,21.98,65.67,1017.25,0
2022-02-04 06:00:00,RiverBasin_B,174.36,6.47,81.32,67.14,25.12,68.2,1013.76,0
2022-02-04 07:00:00,RiverBasin_C,43.84,3.78,66.7,50.91,39.97,55.16,1029.2,0
2022-02-04 08:00:00,RiverBasin_D,195.17,8.41,82.56,78.82,16.37,35.7,984.76,1
2022-02-04 09:00:00,RiverBasin_D,67.38,9.6,80.14,90.8,29.46,43.53,993.57,0
2022-02-04 10:00:00,RiverBasin_C,36.42,8.39,84.24,11.88,17.06,96.55,995.02,0
2022-02-04 11:00:00,RiverBasin_B,157.94,1.01,61.44,93.51,18.86,58.61,1031.67,0
2022-02-04 12:00:00,RiverBasin_C,131.74,6.73,31.23,17.32,25.99,62.67,993.24,0
2022-02-04 13:00:00,RiverBasin_D,99.64,1.46,73.69,79.22,27.76,33.69,1020.14,0
2022-02-04 14:00:00,RiverBasin_A,111.07,3.32,69.64,33.83,21.47,32.63,995.07,0
2022-02-04 15:00:00,RiverBasin_A,143.84,1.54,79.38,21.24,22.91,80.2,1040.31,0
2022-02-04 16:00:00,RiverBasin_C,45.69,6.43,33.59,47.39,17.17,67.67,1045.95,0
2022-02-04 17:00:00,RiverBasin_D,199.27,7.18,35.6,64.74,22.58,65.61,1016.29,0
2022-02-04 18:00:00,RiverBasin_A,194.96,2.03,91.23,42.38,39.16,47.02,1004.66,0
2022-02-04 19:00:00,RiverBasin_D,130.07,4.45,80.0,14.64,38.62,82.13,996.38,0
2022-02-04 20:00:00,RiverBasin_C,39.91,5.11,92.66,60.95,23.37,41.78,983.48,0
2022-02-04 21:00:00,RiverBasin_A,136.05,4.32,80.7,86.7,29.27,43.3,998.8,0
2022-02-04 22:00:00,RiverBasin_D,14.44,2.09,67.77,42.57,37.74,62.25,1025.8,0
2022-02-04 23:00:00,RiverBasin_A,6.13,4.77,72.33,28.39,15.15,50.04,1017.35,0
2022-02-05 00:00:00,RiverBasin_C,51.54,7.76,91.13,47.62,35.27,47.32,1046.08,0
2022-02-05 01:00:00,RiverBasin_D,92.52,1.64,66.3,14.11,38.71,75.17,1007.74,0
2022-02-05 02:00:00,RiverBasin_A,173.65,1.72,70.59,79.74,17.28,75.57,1028.57,0
2022-02-05 03:00:00,RiverBasin_C,145.43,4.19,32.52,80.24,19.04,87.72,1014.25,0
2022-02-05 04:00:00,RiverBasin_A,148.54,9.48,57.91,59.98,39.02,59.24,1015.88,0
2022-02-05 05:00:00,RiverBasin_A,85.1,7.02,77.31,40.01,28.44,35.12,998.74,0
2022-02-05 06:00:00,RiverBasin_B,69.19,7.11,41.68,77.98,15.35,49.16,1011.85,0
2022-02-05 07:00:00,RiverBasin_B,74.21,4.26,36.18,57.15,21.44,98.6,1012.95,0
2022-02-05 08:00:00,RiverBasin_C,197.53,6.34,45.11,80.2,26.25,71.74,1029.46,0
2022-02-05 09:00:00,RiverBasin_B,8.02,1.09,39.32,63.67,32.32,79.68,1045.84,0
2022-02-05 10:00:00,RiverBasin_C,173.41,6.72,37.19,76.67,33.33,30.52,1003.05,1
2022-02-05 11:00:00,RiverBasin_B,115.74,9.22,53.99,60.88,39.89,66.27,982.95,0
2022-02-05 12:00:00,RiverBasin_A,87.72,6.51,92.63,45.2,22.19,32.63,1014.74,0
2022-02-05 13:00:00,RiverBasin_C,145.05,8.86,60.56,91.43,28.46,69.85,1018.11,1
2022-02-05 14:00:00,RiverBasin_C,97.33,7.52,35.03,55.99,28.33,94.45,991.79,0
2022-02-05 15:00:00,RiverBasin_A,174.68,2.09,26.16,61.43,25.14,97.79,1033.23,0
2022-02-05 16:00:00,RiverBasin_C,180.14,9.12,75.69,28.74,19.23,67.84,1048.95,0
2022-02-05 17:00:00,RiverBasin_C,84.34,1.6,50.62,63.18,39.44,62.07,1046.2,0
2022-02-05 18:00:00,RiverBasin_B,55.37,5.81,85.75,58.59,36.33,96.15,993.8,0
2022-02-05 19:00:00,RiverBasin_C,118.47,2.28,72.76,25.71,27.46,77.15,1041.28,0
2022-02-05 20:00:00,RiverBasin_D,182.47,1.11,83.7,15.06,30.08,34.54,1029.31,0
2022-02-05 21:00:00,RiverBasin_A,42.13,4.8,41.76,61.37,20.68,62.6,1011.77,0
2022-02-05 22:00:00,RiverBasin_B,124.59,3.66,75.39,74.91,28.59,46.82,1017.84,0
2022-02-05 23:00:00,RiverBasin_B,126.31,5.37,41.12,54.49,32.37,62.89,1039.47,0
2022-02-06 00:00:00,RiverBasin_D,146.62,6.19,95.13,29.28,27.88,61.88,1013.61,0
2022-02-06 01:00:00,RiverBasin_A,26.31,1.39,70.91,66.65,39.76,70.75,1006.12,0
2022-02-06 02:00:00,RiverBasin_A,143.16,2.11,45.96,16.81,30.28,54.97,1014.53,0
2022-02-06 03:00:00,RiverBasin_B,181.81,6.03,41.56,47.56,24.27,41.5,1020.54,0
2022-02-06 04:00:00,RiverBasin_C,35.94,4.09,35.27,23.89,34.3,65.26,993.24,0
2022-02-06 05:00:00,RiverBasin_B,47.51,7.56,75.57,25.68,19.26,88.11,1043.06,0
2022-02-06 06:00:00,RiverBasin_A,194.28,6.87,37.5,27.19,24.61,76.48,1027.19,0
2022-02-06 07:00:00,RiverBasin_D,36.2,8.61,67.62,42.87,23.67,53.69,1024.33,0
2022-02-06 08:00:00,RiverBasin_B,170.88,7.23,41.17,14.35,25.8,95.49,986.96,0
2022-02-06 09:00:00,RiverBasin_A,98.46,4.87,72.96,43.81,34.54,93.85,1022.29,0
2022-02-06 10:00:00,RiverBasin_B,49.45,7.06,85.2,53.5,27.1,44.65,988.47,0
2022-02-06 11:00:00,RiverBasin_C,174.15,3.48,82.24,51.08,34.85,32.76,985.51,0
2022-02-06 12:00:00,RiverBasin_B,89.06,3.76,80.87,42.54,29.41,81.89,1016.91,0
2022-02-06 13:00:00,RiverBasin_B,102.96,8.1,35.02,81.33,23.55,87.93,1008.19,1
2022-02-06 14:00:00,RiverBasin_A,71.85,5.02,27.07,22.35,35.25,97.75,1021.22,0
2022-02-06 15:00:00,RiverBasin_A,118.59,8.19,75.92,52.98,20.96,92.29,986.25,0
2022-02-06 16:00:00,RiverBasin_A,32.7,8.4,49.47,15.27,20.61,72.04,1010.17,0
2022-02-06 17:00:00,RiverBasin_B,78.22,8.72,54.59,16.05,27.61,67.1,992.24,0
2022-02-06 18:00:00,RiverBasin_C,193.88,9.25,22.49,58.78,21.52,31.95,1049.1,0
2022-02-06 19:00:00,RiverBasin_D,51.63,4.88,40.77,58.11,15.23,47.27,1019.28,0
2022-02-06 20:00:00,RiverBasin_D,131.35,3.87,22.69,84.63,31.21,62.17,1028.12,0
2022-02-06 21:00:00,RiverBasin_A,65.04,6.24,90.33,57.42,27.78,74.0,1002.78,0
2022-02-06 22:00:00,RiverBasin_A,154.69,4.34,39.47,91.58,26.14,69.01,986.63,0
2022-02-06 23:00:00,RiverBasin_B,26.17,6.41,64.59,14.14,39.17,81.98,1048.31,0
2022-02-07 00:00:00,RiverBasin_D,193.96,7.35,23.12,18.33,29.28,49.58,1000.04,0
2022-02-07 01:00:00,RiverBasin_A,90.76,7.2,73.35,13.75,36.59,69.55,1009.67,0
2022-02-07 02:00:00,RiverBasin_C,47.21,4.37,45.84,25.75,18.49,36.17,1025.49,0
2022-02-07 03:00:00,RiverBasin_C,14.7,2.5,91.83,56.01,29.23,58.96,981.73,0
2022-02-07 04:00:00,RiverBasin_A,33.95,4.87,91.05,64.87,36.7,82.51,1036.72,0
2022-02-07 05:00:00,RiverBasin_A,103.95,2.28,46.02,13.87,29.58,78.54,1017.56,0
2022-02-07 06:00:00,RiverBasin_D,67.4,9.01,92.08,90.41,32.95,99.34,999.48,0
2022-02-07 07:00:00,RiverBasin_D,165.78,4.11,99.69,81.58,24.3,49.45,984.31,0
2022-02-07 08:00:00,RiverBasin_B,86.18,2.39,86.03,35.21,17.31,64.87,991.37,0
2022-02-07 09:00:00,RiverBasin_D,49.74,1.23,87.59,16.56,26.45,53.07,1042.65,0
2022-02-07 10:00:00,RiverBasin_C,123.43,6.81,39.92,24.44,24.86,60.84,1028.02,0
2022-02-07 11:00:00,RiverBasin_C,141.36,6.73,66.14,20.79,36.68,89.99,997.49,0
2022-02-07 12:00:00,RiverBasin_A,33.41,4.07,25.38,20.48,21.1,77.89,984.59,0
2022-02-07 13:00:00,RiverBasin_D,33.52,1.65,27.59,54.08,39.17,91.77,1028.34,0
2022-02-07 14:00:00,RiverBasin_B,7.33,4.69,99.91,30.9,38.95,44.25,1020.07,0
2022-02-07 15:00:00,RiverBasin_C,147.28,3.8,46.13,40.44,21.19,91.14,1008.32,0
2022-02-07 16:00:00,RiverBasin_C,132.76,7.09,79.85,94.11,23.7,34.18,1005.45,1
2022-02-07 17:00:00,RiverBasin_B,94.93,6.45,84.53,68.17,37.39,92.2,995.18,0
2022-02-07 18:00:00,RiverBasin_B,168.83,4.28,88.64,90.66,39.17,53.04,1026.87,0
2022-02-07 19:00:00,RiverBasin_C,161.13,2.96,99.81,22.12,26.09,52.02,1047.95,0
2022-02-07 20:00:00,RiverBasin_C,117.07,9.89,39.32,42.48,23.02,65.85,992.3,0
2022-02-07 21:00:00,RiverBasin_B,173.65,5.09,23.23,57.15,28.15,95.85,1021.8,0
2022-02-07 22:00:00,RiverBasin_C,41.17,7.19,52.9,16.52,32.19,33.34,1009.69,0
2022-02-07 23:00:00,RiverBasin_A,22.38,2.26,30.41,10.36,21.84,54.66,1011.27,0
2022-02-08 00:00:00,RiverBasin_A,53.95,5.37,21.79,66.99,33.41,89.96,997.79,0
2022-02-08 01:00:00,RiverBasin_B,11.42,1.25,48.83,64.55,16.29,57.72,1037.76,0
2022-02-08 02:00:00,RiverBasin_D,106.23,5.55,82.7,44.92,16.23,43.94,1013.97,0
2022-02-08 03:00:00,RiverBasin_B,187.32,9.68,65.29,51.62,24.66,59.74,1018.04,0
2022-02-08 04:00:00,RiverBasin_B,7.87,4.46,45.02,45.31,23.84,56.99,1001.33,0
2022-02-08 05:00:00,RiverBasin_D,24.42,1.35,72.35,12.04,22.89,94.08,992.73,0
2022-02-08 06:00:00,RiverBasin_D,90.44,1.28,38.56,38.51,27.28,83.34,986.01,0
2022-02-08 07:00:00,RiverBasin_D,186.78,4.49,21.15,25.05,23.02,65.36,1029.99,0
2022-02-08 08:00:00,RiverBasin_A,63.23,2.44,81.15,18.37,19.81,99.19,993.74,0
2022-02-08 09:00:00,RiverBasin_C,101.45,1.21,69.9,91.32,22.74,62.57,1028.31,0
2022-02-08 10:00:00,RiverBasin_A,8.31,7.81,80.98,60.95,39.37,34.08,1007.33,0
2022-02-08 11:00:00,RiverBasin_C,29.67,5.13,23.12,71.94,25.28,48.36,1009.1,0
2022-02-08 12:00:00,RiverBasin_A,197.33,3.6,86.97,36.81,26.12,60.52,1012.84,0
2022-02-08 13:00:00,RiverBasin_C,193.02,9.1,69.56,43.42,29.41,40.98,1005.74,0
2022-02-08 14:00:00,RiverBasin_A,0.99,2.05,65.07,30.14,39.58,96.33,987.04,0
2022-02-08 15:00:00,RiverBasin_D,190.36,9.6,69.97,18.24,21.04,83.68,1001.67,0
2022-02-08 16:00:00,RiverBasin_B,127.82,3.83,89.15,25.22,32.03,48.78,1026.46,0
2022-02-08 17:00:00,RiverBasin_A,173.58,9.0,66.95,77.79,32.9,71.36,1026.6,1
2022-02-08 18:00:00,RiverBasin_C,90.95,6.43,66.48,67.59,30.18,80.5,1000.04,0
2022-02-08 19:00:00,RiverBasin_D,103.12,8.44,99.25,56.49,17.21,95.89,1012.21,0
2022-02-08 20:00:00,RiverBasin_A,97.77,9.86,80.54,50.38,31.92,91.71,993.54,0
2022-02-08 21:00:00,RiverBasin_A,133.37,3.6,55.38,88.41,16.6,66.06,994.73,0
2022-02-08 22:00:00,RiverBasin_D,27.93,9.65,76.59,16.18,29.9,84.23,981.61,0
2022-02-08 23:00:00,RiverBasin_A,5.99,4.51,51.14,33.85,33.49,69.35,1042.77,0
2022-02-09 00:00:00,RiverBasin_B,61.59,4.47,38.31,39.74,20.27,68.69,994.75,0
2022-02-09 01:00:00,RiverBasin_A,140.94,4.06,67.75,76.51,36.04,38.03,995.93,0
2022-02-09 02:00:00,RiverBasin_B,40.37,5.87,94.25,94.36,15.76,38.83,999.57,0
2022-02-09 03:00:00,RiverBasin_B,134.69,2.39,94.33,30.46,36.1,67.07,988.92,0
2022-02-09 04:00:00,RiverBasin_D,193.98,5.98,47.35,84.32,26.51,48.82,1024.75,0
2022-02-09 05:00:00,RiverBasin_A,18.78,5.88,62.21,80.6,20.44,31.47,985.26,0
2022-02-09 06:00:00,RiverBasin_D,134.52,7.86,36.93,29.1,18.34,80.6,989.39,0
2022-02-09 07:00:00,RiverBasin_A,88.75,8.5,99.65,43.94,38.83,32.27,1025.13,0
2022-02-09 08:00:00,RiverBasin_A,173.63,4.96,98.49,44.82,16.82,71.67,1003.78,0
2022-02-09 09:00:00,RiverBasin_C,35.43,3.72,71.96,93.15,19.98,67.74,1029.56,0
2022-02-09 10:00:00,RiverBasin_A,138.53,3.33,84.35,25.38,23.7,97.82,1019.02,0
2022-02-09 11:00:00,RiverBasin_D,167.62,2.75,77.21,77.93,30.51,63.89,997.92,0
2022-02-09 12:00:00,RiverBasin_B,188.92,1.52,67.45,38.41,28.62,34.45,1025.56,0
2022-02-09 13:00:00,RiverBasin_A,136.65,4.08,24.27,72.12,18.14,68.62,988.14,0
2022-02-09 14:00:00,RiverBasin_C,99.43,3.43,56.38,45.7,22.24,88.88,1017.55,0
2022-02-09 15:00:00,RiverBasin_D,123.57,9.7,73.98,59.16,20.97,99.78,1010.6,0
2022-02-09 16:00:00,RiverBasin_A,173.78,6.02,74.2,80.77,20.34,60.12,998.75,0
2022-02-09 17:00:00,RiverBasin_D,114.12,4.13,49.85,78.35,25.28,52.42,1022.28,0
2022-02-09 18:00:00,RiverBasin_C,6.08,6.22,95.34,83.65,32.6,93.47,1040.99,0
2022-02-09 19:00:00,RiverBasin_C,186.19,2.25,33.39,15.07,20.44,43.39,1049.92,0
2022-02-09 20:00:00,RiverBasin_D,137.91,5.0,60.03,68.82,24.17,73.08,1022.54,0
2022-02-09 21:00:00,RiverBasin_A,135.3,6.64,75.27,21.9,24.77,58.4,1008.33,0
2022-02-09 22:00:00,RiverBasin_B,43.14,5.4,75.77,45.34,39.41,32.88,995.76,0
2022-02-09 23:00:00,RiverBasin_C,131.78,4.62,71.89,56.63,38.87,54.31,998.0,0
2022-02-10 00:00:00,RiverBasin_A,78.77,9.94,42.02,44.23,35.0,48.57,1013.56,0
2022-02-10 01:00:00,RiverBasin_A,130.25,8.92,32.5,54.17,21.04,78.03,1005.71,0
2022-02-10 02:00:00,RiverBasin_B,21.32,6.61,70.88,94.7,16.7,96.42,1043.97,0
2022-02-10 03:00:00,RiverBasin_C,131.57,6.12,67.94,21.49,22.92,48.76,1005.78,0
2022-02-10 04:00:00,RiverBasin_C,199.88,6.59,34.35,67.41,21.67,86.8,1006.14,0
2022-02-10 05:00:00,RiverBasin_A,9.64,2.81,76.41,43.66,27.65,33.88,1006.85,0
2022-02-10 06:00:00,RiverBasin_A,195.43,4.56,56.41,21.31,34.44,67.67,1038.56,0
2022-02-10 07:00:00,RiverBasin_B,81.38,1.36,73.42,23.49,36.46,34.94,1025.56,0
2022-02-10 08:00:00,RiverBasin_B,174.15,5.28,86.99,90.69,36.12,95.38,1022.99,0
2022-02-10 09:00:00,RiverBasin_C,156.48,5.89,33.58,84.77,23.99,83.64,1003.39,0
2022-02-10 10:00:00,RiverBasin_D,113.4,3.05,21.53,87.1,32.18,76.06,1037.25,0
2022-02-10 11:00:00,RiverBasin_C,147.69,9.68,82.33,94.28,22.82,87.67,982.69,1
2022-02-10 12:00:00,RiverBasin_A,175.7,9.19,68.78,27.71,16.52,75.33,1040.96,0
2022-02-10 13:00:00,RiverBasin_C,80.83,7.5,75.97,40.21,32.54,97.83,1015.89,0
2022-02-10 14:00:00,RiverBasin_D,65.41,5.8,87.05,66.88,15.25,79.98,1007.88,0
2022-02-10 15:00:00,RiverBasin_B,133.52,8.83,84.22,51.12,25.23,94.73,1014.8,0
2022-02-10 16:00:00,RiverBasin_D,161.57,2.18,96.87,45.56,23.23,66.2,1026.72,0
2022-02-10 17:00:00,RiverBasin_D,152.46,8.11,62.87,40.41,32.33,38.19,980.89,0
2022-02-10 18:00:00,RiverBasin_D,159.56,2.12,59.08,60.47,34.16,66.97,1041.01,0
2022-02-10 19:00:00,RiverBasin_B,87.12,8.15,52.15,58.93,22.6,38.88,1011.27,0
2022-02-10 20:00:00,RiverBasin_D,163.57,3.48,32.3,23.72,35.29,71.47,1004.01,0
2022-02-10 21:00:00,RiverBasin_D,24.04,8.89,65.81,50.1,22.35,63.77,989.68,0
2022-02-10 22:00:00,RiverBasin_D,108.9,9.5,42.16,57.05,26.16,73.58,1010.76,0
2022-02-10 23:00:00,RiverBasin_A,1.15,2.34,93.7,58.47,33.18,30.7,1014.74,0
2022-02-11 00:00:00,RiverBasin_D,64.92,5.16,66.66,27.86,32.32,43.64,1008.26,0
2022-02-11 01:00:00,RiverBasin_B,73.29,9.83,67.43,73.09,39.68,64.39,1027.51,0
2022-02-11 02:00:00,RiverBasin_D,79.23,5.35,48.39,12.14,20.63,96.54,1009.46,0
2022-02-11 03:00:00,RiverBasin_D,139.09,8.77,24.16,40.16,31.56,56.85,1047.3,0
2022-02-11 04:00:00,RiverBasin_B,77.71,6.3,22.54,76.32,30.24,59.71,1021.95,0
2022-02-11 05:00:00,RiverBasin_D,89.74,4.38,53.87,57.93,37.88,80.03,1036.52,0
2022-02-11 06:00:00,RiverBasin_B,47.51,3.57,26.77,32.2,18.91,72.27,987.65,0
2022-02-11 07:00:00,RiverBasin_D,74.65,2.83,68.55,69.07,33.79,50.92,1007.81,0
2022-02-11 08:00:00,RiverBasin_B,45.45,7.86,90.48,58.23,29.21,58.76,1003.58,0
2022-02-11 09:00:00,RiverBasin_D,14.64,4.48,90.63,77.68,21.87,45.24,1019.86,0
2022-02-11 10:00:00,RiverBasin_D,120.69,5.6,72.72,72.48,26.86,97.62,1040.28,0
2022-02-11 11:00:00,RiverBasin_A,133.64,5.43,36.9,61.86,23.34,39.14,985.48,0
2022-02-11 12:00:00,RiverBasin_A,123.9,6.2,89.04,51.5,29.48,56.03,985.08,0
2022-02-11 13:00:00,RiverBasin_D,92.7,8.79,90.89,21.32,37.23,31.81,1039.52,0
2022-02-11 14:00:00,RiverBasin_D,75.96,9.83,35.73,32.21,29.23,45.52,994.9,0
2022-02-11 15:00:00,RiverBasin_C,172.67,4.67,78.99,45.62,30.79,84.63,1026.81,0
